"Playa Balandra es hermosisisimaaa!!, el agua es super clara y es perfecta para ir con niños, ya que hay como una bahia donde el agua es no es profunda, es super...",5.0,Playa Balandra,4.5
"Se come muy rico, en especial si andas crudo jaja, la comida es uy buena y lo mejor es que esta frente al malecon de La Paz, asi que ya que termines te puedes i...",4.0,Restaurantes Bismark,4.0
"Yo iba a pizza nostra todo el tiempo, de verdad el fetuccini alfredo era lo mejor !!, pero de unos 7 meses para aca la crema alfredo parece leche, ya no es la m...",3.0,La Pizza Nostra,4.5
"Este es un review para el Bar Roof Top del Hotel : Me encanta ir a Todos Santos a pasear, y cuando voy me tomo unos tragos en el bar rooftoop de éste Hotel, ti...",5.0,Guaycura Boutique Hotel Beach Club & Spa,4.5
"Siempre que voy a Todos Santo llego a este restaurante, es el mas rico y esta sobre la avenida por lo que tiene una ubicación muy conveniente. La comida es sup...",5.0,Tequila’s Sunrise Bar & Grill,4.5
"Visité SUR Beach en la mañana de mi cumpleaños porque tiene una hermosa vista, nunca había ido pero me lo habían recomendado mucho, así que solo probamos desayu...",4.0,Sur Beach House Los Cabos,4.5
"La comida es muy rica y el servicio impecable! Nosotras fuimos a cenar y para conocer el lugar, ya que trabajamos en un hotel y queríamos vivir la experiencia,...",5.0,Tres Sirenas,4.5
"Éste lugar se los juro es mi lugar favorito, se ven los mejores atardeceres desde aquí y no estoy exagerando!! ♥ Esta a 20 minutos de TodosSantos en una carret...",5.0,The Green Room Bcs,4.0
"Éste lugar se los juro es mi lugar favorito, se ven los mejores atardeceres desde aquí y no estoy exagerando!! ♥ Esta a 20 minutos de TodosSantos en una carret...",5.0,The Green Room,4.5
"Los platillos están muy bien servidos, nosotras pedimos nachos, bolitas de champiñones empanizadas y boneless y estaba muy bien servidos, la verdad terminamos s...",4.0,Sierra Madre Brewing Co,4.0
"En este review quisiera reconocer el gran servicio que brindan. Yo reservé y pagué con 3 días de anticipación mi tour de ""Cascada Cola de Caballo y Santiago Pu...",5.0,Gaia Xtreme Tours,5.0
"El Restaurante es bueno en promedio, nosotros pedimos pizza mitad de prossuito y arugula y mitad champiñones con cebolla y super rica, fetuccini alfredo con cam...",5.0,Me Muero de Hambre,4.5
"El hotel no es feo, la verdad se ve limpio (aunque las habitaciones son alfombradas y ya sabemos lo que eso conlleva) las camas estaban impecables, cómodas, y e...",4.0,Sheraton Ambassador,3.5
"Estaba buena la comida y ricos los tarros preparados, y cuando llegué vi el letrero en el servilletero de que estaban en contra de los popotes dije ¡que chingoó...",2.0,Chiltepino's Wings,3.0
"Muy rico el sushi y las entradas pero el servicio fue lo mejor, el personal muy atento siempre. el precio es ün poco elevado en comparacion con otros sushi pero...",5.0,MAHI SUSHI BAR,5.0
"Mi esposo y yo nos hospedamos unos días por vacaciones y todo estuvo perfecto!, nuestra alberca favorita es la de Marina, también visitamos Moro y Castilla, el ...",5.0,El Cid Castilla Beach Hotel,4.0
"El servicio es bueno, la música que ponen es muy buena pero la vista es lo mejor!! me encanta ir a cenar un cevichito con esa vista del mar justo al frente !!",4.0,Claussen 101,4.0
"La pizza estaba deliciosa y la mesera fue super amable con nosotros, el servicio fue muy rápido para haber pedido la pizza doble, la Chicago Nandos creo que se ...",5.0,Nando's Pizza,4.0
"Me gusta la ubicación del lugar y la comida, se puede ir a comer, cenar o ir un jueves a escuchar reggae, pero lo que mas me gusta es que sean tan humanos para ...",5.0,F.I.S.H,4.5
"Los rollos son muy grandes y bien servidos, aveces tardan mucho pero es por las promociones y por que casi siempre esta lleno pero aun asi siempre los preferimo...",4.0,Sendai Sushi,4.0
