"Desde que llegas al hotel, el ambiente te invita a estar, y con ello puedes predecir que los días consecutivos serán interesantes por sí solos. Mi primera estan...",5.0,Dreams Dominicus La Romana,4.5
"cada año asistimos a este desarrollo tan impresionante tanto en su decoración, como en sus espectáculos, atracciones y servicio! Pero en esta ocasión, el día de...",3.0,The Grand Mayan at Vidanta Nuevo Vallarta,4.5
El concepto y la ambientación son originales! No estaría mal que los meseros tuvieran una mejor y más rápida atencion. Los complementos del buffet son muy varia...,3.0,La Vaka,4.0
"Decayó mucho la calidad de los alimentos! La atención del personal sigue siendo buena. Mi pasta fue servida con cocción en demasía, parecía engrudo! El postre t...",3.0,Barcelona Tapas Puerto Vallarta,4.5
"Siempre es grato visitar Carolina, para la cena, la amabilidad del personal desde que llegas al hotel te reciben por tu nombre! Siempre un deleite la cena y qu...",5.0,Carolina,4.5
"Único en su tipo, desde las entradas que pidas hasta el plato fuerte, todo un manjar. De ambiente muy tranquilo y romántico, con una espectacular vista. El cand...",5.0,Sufi,4.5
"Es grato poder visitarles nuevamente! Siempre con cálida bienvenida, te llaman por tu nombre, y siempre una cortesía del chef antes de empezar el servicio! Lo...",4.0,Piaf,4.5
"Siempre es grato compartir buenos momentos con grandes amigos, y que mejor que acompañados de un ambiente sencillo a la orilla de la playa, con excelente comid...",4.0,MEZZOGIORNO,4.5
"Muy buen concepto, el desarrollo es ideal para no salir a ningún lado, todo lo tienes ahí. De las mejores creaciones de estos últimos años, sin duda, "" el santu...",5.0,Mayan Palace Nuevo Vallarta Golf Course,4.5
"De todo vallarta, me parece que es el único lugar que maneja el Chai del tigre! Muy rico en frappe o en las rocas!! Siempre rico y refrescante! Me recuerda a lo...",4.0,Café San Angel,4.5
Muy grato el lugar! Agradables panorámicas y las tonalidades del mar de un azul vibrante contrastante!,5.0,Islas Marietas,4.5
"A 5 min. De ahí se encuentra playa caballos, llegando por las animas, ideal para acampar o hacer picnic! Playa caballos es playa virgen, tranquila y sin mayor r...",4.0,Playa Las Ánimas,4.5
"Rico siempre en su menú, lo mejor de ahí es el pastel de chocolate! Y el servicio es bueno, por lo que lo recomiendo mucho",4.0,Archie's Wok,4.5
"Bonitas playas de arena lisa y colores muy nítidos en el mar! Siempre una vista diferente de toda la bahía, y playa un poquito menos concurrida, muy recomendabl...",4.0,Playa las Gemelas,4.5
"Más o menos el servicio de entrada, para que lleven la carta mucho tiempo en lo que toman la orden y no se diga de lo que tardan en llevarte la comida, los mese...",3.0,Coco Tropical,4.5
"Buen concepto de pedicura en seco, me agrado! Y pies y manos como nuevos, sin sufrir las arrugas por el agua! Bien, volvería nuevamente!",4.0,Piedi Carino,4.0
"Riquísimo todo, agradable ambiente y muy bien servicio, chiquito el lugar pero perfecto para el menú que maneja, la pizza muy recomendable!",4.0,La Pizza Nostra,4.0
"Excelente servicio como siempre y el menú, innovandolo cada temporada! Los postres un manjar! El ambiente siempre muy calido",5.0,Café des Artistes,4.5
"Las planchas son lo màximo, el ambiente muy agradable. me toco compartir plancha con unas personas de guadalajara y muy amena velada. rico todo como siempre.",5.0,Mikado,4.5
"Muy rico todo pero muy chiquitas los ""bocados"" mis favoritos el cowboy, filete, dumplings de pato, esparragos, wraps de jicama y camaròn, el gazpacho, y un rico...",5.0,Blanca Blue Restaurant & Lounge,4.5
"Siempre es rico ir a desayunar, lo que pidas es muy bueno, pero lo mio lo mio, los chilaquiles rojos con un huevo estrellado uufff que kosa!!!",4.0,Mr. Cream,4.5
"La palapa es visita rigurosa; me gusta que siempre estan camb iando de menù, siempre pruebo algo diferente y la ùltima vez no fue la diferencia. definitivamente...",5.0,La Palapa Restaurant,4.5
