"Me queda claro que la calidad de la carne es buena, aunque los tres cortes que fueron a nuestra mesa no llegaron en termino correcto, los precios para mi gusto ...",3.0,Sonora Grill Prime Vallarta,4.5
"Suntory que delicia comer en este lugar, nunca queda mal, ni en servicio, ni en alimentos, siempre tiene cosas nuevas e innovadoras, sin duda el mejor o de los ...",4.0,Suntory Del Valle,4.5
"Tienen buena carne pero sentí los precios muy alto comparado con lo que te ofrecen, el servicio cumple pero nada fuera de lo común, tienen mucho que mejorar en ...",3.0,Angus Butcher House,3.5
"Es un lugar sencillo aunque es pequeño y las mesas están muy juntas, los precios relativamente altos, la carta de vinos esta muy variada, los alimentos están bi...",3.0,Carlitos Gardel,4.5
"Es un lugar tranquilo, sin pretensiones ni lujo, pero la comida con estilo Indu, deja muy buen sabor de boca, sabores bien definidos, bien logrados, precios jus...",4.0,Dila's Restaurant,4.5
"Es un lugar muy bonito, el servicio es bueno pero no llega a ser excelente, los platillos muy originales y con ingredientes de buena calidad. recomiendo probar ...",4.0,Nomada Cocina de Interpretación,4.5
"Es un hotel un poco avejentado, pero lo saben compensar con su amabilidad y limpieza, la vista para donde voltees es increíble y mas desde la alberca. La comida...",4.0,Linda Vista Hotel,4.0
"La ubicación es muy buena, la decoración del lugar es extraña aunque esta pasable, rescato los chiles capones y los tacos de chamorro. El servicio es despistado...",3.0,Los Mirasoles,4.0
"De entrada todo el personal o en su gran mayoria viste con ropa acorde al edificio, el servicio y el conocimiento de la historia del lugar lo dominan bien los e...",5.0,Museo Del Dulce,4.5
"Los sabores bien logrados, presentaciones nada exageradas, recomiendo los sopes de chile capón. Lo único en contra es le servicio, tardaron bastante en tomarnos...",4.0,Lu Cocina Michoacana,4.5
"De entrada los vinos son maravillosos, de lo mejor del Valle de Guadalupe, la vista la viñedo es espectacular y la comida excepcional, sin duda es para obligada...",4.0,Villa Montefiori,4.5
"Es un hotel que esta a escasas 3 cuadras del zócalo de la ciudad, es limpio, confortable y aunque da a una avenida muy concurrida, tienen ventanas anti-ruido, q...",5.0,Descansería Hotel Business and Pleasure,4.5
"Lograron los sabores de la cocina tradicional Nayarita, al menos en el zarandeado, muchas felicidades, El lugar esta muy agradable. Los precios acorde.",4.0,Zanaya,4.5
"Instalaciones limpias, y cómodas, el desayuno buffet de calidad. Tienen que mejorar en su servicio de estacionamiento y opciones de traslado vehiculo-recepcion,...",4.0,NH Collection Guadalajara Providencia,4.5
"Es un lugar agradable, a la vista y el gusto, el servicio fue excelente y la comida deliciosa, te hacen sentir que les importas. sin duda volvería.",4.0,Ofelia Bistro,4.5
"Siempre que estoy en PV trato de ir al menos una vez a este restaurant, me gusta su comida y servicio, ademas de estar a la orilla de la playa. como sugerencia ...",4.0,La Palapa Restaurant,4.5
"Los platillos son espectaculares en presentación, aunque mi carne no llego con el termino adecuado, los precios son razonables por la zona en la que esta, la vi...",4.0,Tuna Blanca,4.5
"Sin duda es un lugar imperdible, se goza desde que vez en el horizonte la isla, pero también es cierto que aunque este controlado el flujo de turistas, es una l...",5.0,Islas Marietas,4.5
"Los sabores en cada uno de los platos que probé, fueron siempre muy atinados, desde las entradas hasta el postre. felicidades.",4.0,Restaurante Alcalde,4.5
"Ambiente relajado, el menú no es nada del otro mundo, bueno a secas, el servicio cumple con lo justo, los precios moderados, eso si ubicado en un lugar excelent...",3.0,Palosanto Antojeria,4.0
