"Este viaje no vale la pena, yo viaje por Vallarta Advetures y la verdad quede decepcionado, el paseo es carísimo casi llegando a los precios de Xel Ha y Xacaret...",1.0,Islas Marietas,4.5
"Este viaje no vale la pena, yo viaje por Vallarta Advetures y la verdad quede decepcionado, el paseo es carísimo casi llegando a los precios de Xel Ha y Xacaret...",1.0,Islas Marietas,4.5
En Vallarta Tour solo te permiten estar 10 minutos en la playa y te sacan cosa que nunca te dicen cuando compras el boleto. si quieres snorkelear tienes que com...,1.0,Islas Marietas,4.5
En Vallarta Tour solo te permiten estar 10 minutos en la playa y te sacan cosa que nunca te dicen cuando compras el boleto. si quieres snorkelear tienes que com...,1.0,Islas Marietas,4.5
"Desde que llegamos los restaurantes, parecen un tianguis no hay lugar para comer cómodamente, además que la comida es de pésima calidad y no hay variedad, estuv...",1.0,Hotel Riu Jalisco,3.5
