"Puede pasar inadvertido, por fuera no hay nada que atraiga a atención del turista, pero dentro, sin duda es un lugar mágico, para quienes disfrutan de la fotogr...",5.0,Ex Convento de Tecali,4.5
"Es un lugar pequeñito pero muy acogedor y agradable, la coctelería está de primera; fuimos con un amigo cubano y dijo que los mojitos eran de los mejores que ha...",5.0,Mr. Bou,5.0
"Los integrantes de esta empresa están comprometidos con su trabajo, especial gratitud para Andrés (Rius Palace Baja California), quien nos orientó muy bien sobr...",5.0,Epic Group DMC Los Cabos,4.5
"Es de los más bonito y grandes de México, normalmente la playa que está junto a los malecones no son muy bonitas, pues esta es la excepción, la playa pública qu...",5.0,Malecón de la Paz,4.5
"Es de las mejores playas que he visto en México, son cientos de metros de una piscina natural bellísima, cuando vayas camina hacia la derecha y encontrarás otra...",5.0,Playa Balandra,4.5
"Es un lugar pequeñito pero con mucho ambiente, el lugar estar bonito, obvio lleno de extranjeros ebrios pero muy agradable, excelente opción para pre copear ant...",5.0,EL SQUID ROE,4.5
"Es de las mejores playas de los Cabos, es totalmente pública por lo que no encontrarás nada, es recomendable llevar sombrilla. Tuvimos la fortuna de presenciar ...",5.0,Playa El Chileno,4.5
"Es uno de los clubes de playa más populares de Cabo San Lucas, vale la pena visitarlo, tienen un animador que hace un excelente trabajo y los amigos vestidos de...",5.0,Mango Deck Restaurant & Beach Club,4.0
"Es una playa muy bonita, aunque no es opción si quieres nadar en el mar, al menos nos tocó el mar muy picado con olas muy grandes, pero es la más popular de Cab...",5.0,Playa El Médano,4.5
"Es de las marinas más entretenidas que conocemos, junto a la marina hay una plaza comercial y muchos bares y restaurantes, también cerca de ahí está la zona de ...",5.0,Marina Cabo San Lucas,4.5
"Solo puedes acceder en lancha si el clima lo permite, y ese pasillo de arena te conduce a la playa del divorcio en el oceano pacífico, en la que no se puede nad...",5.0,Playa del Amor,4.5
"Sin duda lo más bello de Cabo San Lucas, vale la pena el viaje, si no te interesa hacer snorkel te conviene más ir a la marina de cabo y contratar el tour que o...",5.0,El Arco de Cabo San Lucas,5.0
"La estancia en este hotel fue muy placentera, prácticamente todo en el hotel es muy bueno, desde la atención de su personal, las instalaciones (nuevas y limpias...",4.0,Hotel Riu Palace Baja California,4.0
"Simplemente espectacular, es un verdadero palacio, si visitan Ciudad de México es un imperdible, el edificio alberga murales hermosos de Diego Rivera y David Al...",5.0,Palacio de Bellas Artes,4.5
"Es un hotel sencillo pero muy funcional, sobre todo por su ubicación, puedes ir caminando a lugares de interés como Bellas Artes, o el Monumento a la Revolución...",3.0,Hotel Fontan Reforma,3.5
"Sin duda uno de los edificios históricos más emblemáticos del país, puedes visitar los aposentos del mítico Benito Juárez; lástima que actualmente esté ocupado ...",5.0,Palacio Nacional,4.5
"No es enorme peor sí tiene una gran variedad de especies marinas, vale la pena visitarlo, la fila para entrar puede ser un poco grande pero si deseas puedes evi...",4.0,Acuario Inbursa,4.0
"Vale la pena visitarlo, incluso el simple hecho de admirar la arquitectura del edificio es un deleite.",5.0,Museo Soumaya,4.5
"Es una excelente opción para quedarte cerca del aeropuerto, tienen traslado gratuito al mismo, solo debes programarlo un día antes y listo, muy puntuales y amab...",4.0,Krystal Urban Aeropuerto Cd de México,4.0
"Cómo no amar a mi alma máter, vale la pena visitar este complejo, sobre todo cuando hay varios eventos culturales, el auditorio es de los mejores en Puebla.",5.0,Complejo Cultural Universitario de la BUAP,4.5
