"Estuvimos hospedados del 30 de agosto al 6 de septiembre en una habitación de 2 recámaras. El check in muy rápido ya que no había gente, todo el personal desde ...",4.0,Mayan Palace Acapulco,4.0
Estuve hospedado una semana del 24 de agosto al 31 de agosto por medio de intercambio de RCI. Fue la primera vez que visitaba el hotel y quede muy contento de h...,5.0,Krystal Beach Acapulco,4.0
"Es un parque muy grande, ideal para recorrerlo caminando o en el trenecito, tiene un lago donde se pueden rentar lanchas, también se pueden rentar bicicletas de...",5.0,Parque Papagayo,4.0
"Es una playa pequeña en Puerto Marqués por lo que recomiendo llegar temprano sobre todo en temporada alta para alcanzar una buena sombrilla frente al mar, el co...",5.0,Playa Majahua,4.0
"Primeramente quisiera hacer notar que el WIVC Mar azul es un edificio de apartamentos, NO es un hotel, lo que implica que: Es muy tranquilo, privado, no tiene e...",5.0,Mar Azul,4.5
Estuve hospedado con mi familia del sábado 29 de diciembre del 2018 al sábado 5 de enero del 2019; por las opiniones que leí iba con muchas dudas y cierto temor...,5.0,Playa Suites Acapulco,3.0
Me hospede con mi familia por primera vez en el Emporio Acapulco y estoy muy contento de haberlo elegido; lo mejor es su ubicación puedes salir caminando a Plaz...,5.0,Emporio Acapulco Hotel,4.5
"La vista desde cualquier lugar del hotel hacia el mar es espectacular, el personal muy amable, el hotel está construido sobre el risco por lo que hay que subir ...",5.0,El Mirador Acapulco Hotel,3.5
"Nos hospedamos en Grand Luxxe Torre 2 en una suite de una recámara, la habitación muy espaciosa, muebles y electrodomésticos de muy buena calidad, en el balcón ...",5.0,Grand Luxxe at Vidanta Nuevo Vallarta,4.5
"Mi familia y yo nos hospedamos 4 noches en una Club suite que consta de una recámara con cama king size, baño completo y jacuzzi, y sala comedor con sofá cama, ...",4.0,Club Regina Puerto Vallarta,4.5
"Un restaurante familiar que ofrece desayuno, comida y cena a un precio accesible, acepta tarjetas de crédito y tiene diariamente promociones, la que nosotros ap...",4.0,Restaurant Doña Tere The Pink House,4.0
"Son un grupo de islas e islotes situados cerca de Punta de Mita Nayarit, el acceso a la playa del amor es muy restringido tienes que comprar un brazalete especi...",5.0,Islas Marietas,4.5
"Me hospede con mi familia 2 noches en el mes de mayo, el costo por noche que me dieron fue excelente e incluía desayuno buffet, estacionamiento techado e intern...",4.0,Marlyn Hotel,4.0
"Gran variedad de bebidas y alimentos en general a buen precio, solo se me hizo caro $50 por un postre, muy buen servicio por parte de Esther, se esmeró mucho a ...",4.0,El Turista Café Bar,4.5
"Maravilloso lugar muy grande se divide en 3 zonas, en la zona 1 se llega a la cascada, en la zona 2 a las aguas minerales donde puede uno meterse a nadar, la te...",3.0,Cascadas Tuliman,4.5
"Habitaciones con tapanco lo que les fascinó a mis hijas, una decoración muy bonita, el servicio de Internet con muy buena señal, muy pocas habitaciones lo que d...",5.0,Xoxula by Inmense,4.5
"indispensable para visitar de noche ya que hay puestos con venta de artesanía, comida para todos los gustos, cerca de la Plaza están Los Portales que cuentan co...",5.0,Plaza de la Concordia,4.5
"Justo enfrente de la Plaza de la Concordia y de la Casa del Caballero Águila, tiene una fachada de cantera gris dividida en tres cuerpos, terminó de construirse...",4.0,Parroquia de San Andrés Cholula,4.5
"Las instalaciones del Grand Mayan son impresionantes, sus albercas, el río lento, su acceso directo a la playa, la amplitud de sus habitaciones, es un hotel que...",5.0,The Grand Mayan at Vidanta Acapulco,4.5
"Muy bonito lugar para estar con la familia, muy tranquilo a pesar de estar lleno por la temporada, las áreas verdes muy extensas y grandes, la alberca excelente...",4.0,Collection O Hotel La Rinconada,3.5
