"EL hotel está decorado super confortable, todo es impecable, cuidan cada detalle en la decoración e iluminación y no se diga el confort como camas y baños o ute...",3.0,Hyatt Centric Campestre León,4.0
Creo que los extranjeros podrían disfrutar de algo que los mexicanos estamos acostumbrados a ver con mejor calidad. Xplor tiene más calidad en todas sus activ...,3.0,Parque Xcaret,4.5
"De la misma compañía, es el mejor. Servicio, atención y calidad. Qué triste qué xcaret no tenga la misma calidad en alimentos como xplor.",5.0,Xplor,4.5
"Esta padrisimo y mas con la atencion de los meseros tan personalizada, tony tiene un carisma innato :D",5.0,Bubba Gump Shrimp Co.,4.5
EL BAR HORRIBLE --Jugos que no son jugos son azucar con saborizante --No tienen SQUIRT ni ningún refresco de toronja para las palomas!!!! --No tienen refresco G...,2.0,Hotel Catalonia Royal Tulum,4.5
"El Hotel no es caro y el servicio es excelente, instalaciones de primera en una zona exclusiva, la comida de lo más fina, jamon serrano, mucha variedad de carne...",4.0,Vamar Vallarta All Inclusive Marina and Beach Resort,4.0
"Lo ideal es contratar un servicio privado que te lleven a snorkelear, ahí si vale la pena, ya que el servicio que ofrecen en Punta de Mita es simplemente muy li...",3.0,Islas Marietas,4.5
"PROS: La zona mas exclusiva y padre de Nuevo vallarta. Atención excelente y servicio de BAR muy rápido, tienen cerveza Corona! CONTRAS: No hay gente en la alber...",3.0,Hotel Villa Varadero,4.0
"Un hotel con piscina turbia, y muy lento el servicio de bebidas. Lo bueno que los vinos tenian whisky red label, jim beam y Dewaards la comida tambien es buena ...",3.0,Buenaventura Grand Hotel & Great Moments All Inclusive,4.0
