"Estaba en la calle cuando pase por esta panaderia y solo por curiosidad y para ver que tal me compre unas galletas de chispas de chocolate, un brownie y un rol ...",5.0,Litten Brod,4.5
"Wow sin duda alguna la fiesta fue unica, pusieron musica de todo tipo, la comida deliciosa y la atencion excelente! Muchas gracias por hacer la noche tan memora...",5.0,Lobster Paradise,5.0
"Las bebidas calientes y los churros definitivamente son lo mejor de esta cafeteria, podria decir que falta mejorar a mi percepcion la calidad con la que hacen e...",5.0,La Romántica churros & café bar,5.0
"Los desayunos son riquisimos!! Lo mejor de todo es el pan frances y los chilaquiles, recomendadisimos!!!",5.0,Café La Cata,4.5
"Si algo destaca a este lugar es la presentacion de sus alimentos y bebidas, se nota el esfuerzo que los empleados le dan a los platillos que por cierto estan mu...",5.0,Macareno,5.0
"Excelente lugar para comer, con un toque muy familiar y comida muy rica, su especiladad son las costillitad pero a mi en lo personal lo que mas me gusto fue la ...",5.0,Ernesto's Good Grub,4.5
"Muy buena eleccion para pasar el domingo en el sunday brunch de Sheraton, la comida esta excelente y tiene mucha varidad de platillos, asi como el hecho de pod...",5.0,La Villita,4.5
"Muchas gracias al mesero que nos atendio, creo que su nombre es Carlos, por hacernos la noche increible! La comida estuvo excelente ( el rib eye estaba en su pu...",5.0,La Traviata,4.5
"La verdad es que este restaurante esta excelente, la calidad de la comida y la calidez y atencion de los meseros es excelente. Los platillos son de muy buenas ...",5.0,Serrano's Meat House,4.0
"Una amiga y yo fuimos a cenar al restaurante durante el restaurant week, tiene una vista impresionante, ademas de que la presentacion de los platillos y el sab...",5.0,Le Kliff,4.5
"Honestamente la calidad del bufete ha decaido demasiado, el dia sabado que fui a comer me cobraron mas de 250 pesos, por un bufete decente no estaria mal pero l...",2.0,Sirloin Stockade,3.5
"No soy fan de la comida asiatica, pero los platillos estaban muy ricos, asi como las bebidas, tienen algunas opciones de cerveza japonesa y coreana, las limonad...",4.0,Bonito Kitchen & Bar,4.5
"Es la segunda vez que visito este restaurante y la verdad tenian una promocion en la que te dan una ensalada + plato fuerte + bebida, pense que el platillo iba ...",5.0,Abbraccio Cucina Italiana,5.0
"Tienen una gran variedad de carnes en este restaurante, escogimos un rib eye prime de 800 gramos a termino tres cuartos, la carne la traen en una tabla de sal q...",5.0,Sonora Grill Prime Vallarta,4.5
"Tenia tiempo queriendo entrar a este restaurante, por alguna razon u otra no pude hasta antier y tengo que decir que la hamburguesa que comí es de muy buena cal...",5.0,Joe Jack's Fish Shack,4.5
"Excelente servicio, fuimos la unica mesa, pero se notaba que el restautante tenia muchos servicios a domicilio, por lo que el mesero fue rapido asi como los coc...",5.0,OPA Greek Bistro - The Original,4.5
"Excelente servicio, fuimos la unica mesa, pero se notaba que el restautante tenia muchos servicios a domicilio, por lo que el mesero fue rapido asi como los coc...",5.0,OPA Greek Bistro - The Original,4.5
"Servicio excelente y se tomaron medidas por la pandemia, las enfrijoladas con arrachera estaban excelentes! Y el waffle con ferrero tambien!",5.0,La Casa Del Waffle,4.0
"Una de las mejores pastelerias locales, tienen un dia especial ( viernes) donde venden pasteles por rebanada, altamente recomendado.",5.0,Pavlova,4.5
"Tanto el servicio de meseros como la calidad y rapidez en los platillos estuvo excelente, es uno de los pocos restaurantes abiertos en la ciudad, pedimos un cor...",5.0,Outback Steakhouse,4.0
"La comida es muy buena, ya tenia tiempo viendo el lugar y al fin me animé a ir con una amiga, pedí unas papas gajo griegas como entrada, un Gyro de pollo como p...",5.0,OPA Greek Bistro - The Original,4.5
"La comida es muy buena, ya tenia tiempo viendo el lugar y al fin me animé a ir con una amiga, pedí unas papas gajo griegas como entrada, un Gyro de pollo como p...",5.0,OPA Greek Bistro - The Original,4.5
