"En numerosas ocasiones nos encontramos con hoteles de imagen retocada,o fotos que pagadas a profesionales terminan siendo engañosas, pero ese no es el caso de h...",5.0,Hotel Santo Tomas,4.5
"En el restaurante nos trataron muy mal, la comida no es buena pero el servicio si es muy malo y la actitud de quienes atienden es lo peor. La comida en tandas, ...",2.0,Hotel Los Angeles,3.5
"Desde la primer visita a Guadalajara hemos regresado sin dudad a hotel Dali plaza. esta en la zona centro, cerca de todo para salir a conocer, pero sin el ruido...",3.0,Dali Plaza Hotel,4.0
No alcanzamos lugar en otros hoteles (porque necesitabamos muchas habitaciones) y solo hubo en este hotel. Efectivamente es ruidoso pero solo las habitaciones q...,2.0,Lh Hotel Roma Leon,2.5
"Solo en tripadvisor está anunciado como Resort &marina, y para ser un resort definitivamente le falta mucho, sin embargo en su pagina web no dice tal cosa. Las ...",3.0,Flamingo Vallarta Hotel & Marina,4.0
"Consideramos que los hoteles en Tecolutla son en general muy malos, caros (para lo que ofrecen) y viejos, así que el Aqua inn parece ser uno de los mejor conser...",4.0,Hotel Aqua Inn,3.5
"En mis escasos 3 años como coordinadora de viajes por todo el país, he conocido cerca de 90 hoteles, y hoy escribo porque éste ha sido el peor... las fotos de s...",1.0,Marsol Hotel,2.5
"Inolvidable el paseo a las islas marietas y avistamiento de ballenas, tour incluido en el paquete ""fin de año en Vallarta"" de Mexico Tours viajes",5.0,Islas Marietas,4.5
