"He visitado al menos 5 Dreams anteriormente, y este se sale por completo de la media de servicio y calidad que he visto en otros. Es decepcionante ver la cali...",2.0,Dreams Acapulco Resort & Spa,3.5
"En una opinión de hace unos 2 años había comentado que se me hacía una de las mejores churrasquearías de la CDMX, se cambiaron de ubicación y creo que se llevar...",3.0,Central de Brazil Churrascaria,4.5
"Decía que el Filicori era el mejor café de la zona de Nápoles (WTC) pero sin duda el trofeo se lo lleva este cafecito en la calle de Dakota, el pan te lo pasan ...",4.0,Centro Café,4.0
"Indudablemente las copitas pueden exigir algo para calmar a los intestinos, sobre todo en altas horas de la noche y con algunos alipuses en las venas. Si es así...",5.0,Tacos Beto los de Cochinada,5.0
"Indudablemente las copitas pueden exigir algo para calmar a los intestinos, sobre todo en altas horas de la noche y con algunos alipuses en las venas. Si es así...",5.0,Tacos Beto los de Cochinada,5.0
"Es innegable que me encantan las garnachas y antojitos Mexicanos y si había oído hablar de unos tacos de canasta era precisamente Los Especiales, en la calle pe...",2.0,Tacos de Canasta Los Especiales,4.5
"He ido desde hace muchos años a la Fonda Argentina que está en eje 6 y siempre quedaba con excelente sabor de boca, ahora tuve la oportunidad de visitar a la de...",2.0,Fonda Argentina Nápoles,3.5
"Casi por casualidad llegué a este lugar, los platillos que probé que fueron los clásicos de todo restaurant chino estuvieron muy por arriba de lo acostumbrado, ...",4.0,China Shing,4.5
"Si andas por la zona de Narvarte/Del Valle y son 5am y mueres de hambre, SI eres un taco-maniáco seguro ya lo conocer, pero si no, dejar de leer esto y ve a ech...",4.0,Tacos Beto los de Cochinada,5.0
"Si andas por la zona de Narvarte/Del Valle y son 5am y mueres de hambre, SI eres un taco-maniáco seguro ya lo conocer, pero si no, dejar de leer esto y ve a ech...",4.0,Tacos Beto los de Cochinada,5.0
"IBa a poner clásico, pero creo que el adjetivo puede malinterpretarse, y es que este lugar honestamente ha pasado sus mejores años, en efecto la ambientación y ...",3.0,La Casa del Filete,4.5
"Cada vez más confirman la disminución gradual y constante en la calidad de los alimentos, bebidas y oferta de espectaculos o espacios para divertirse, afortunad...",3.0,Dreams Villamagna Nuevo Vallarta,4.5
"El nivel de los Cambalaches ya es conocido, pueden ver diversas opiniones aquí mismo, pero creo 2 cosas lo hacen el mejor: El ambiente (música y decorado) junto...",5.0,Cambalache Plaza Oasis,4.5
"Había oído mucho sobre la opción Zoetry, como la opción Premium de los hoteles que maneja Unlimited Vacation Club, sin embargo creo que no llegó las espectativa...",3.0,Zoetry Paraiso de la Bonita,4.5
"Excelente terraza, ubicado en la zona en la región clásica de la Condesa-Roma y presumiblemente carnes orgánicas (que no se si haya manera de confirmarlo) pero ...",4.0,Carnívoro Asador,4.0
"Era uno de mis lugares preferidos, incluso podría decir ""clásicos"" para ir a disfrutar una buena carne, pero me quedé decepcionado ampliamente en mi última visi...",3.0,Buen Bife,4.0
"Así es, la carne dista un poco de las espectativas que dan un lugar con muy buena ubicación, acondicionamiento más que agradable, pero la calidad de los cortes ...",3.0,La Vaca Argentina,4.5
"Un café un un pan calientito es un excelente preámbulo para un rico desayuno, está muy agradable y si, asemeja un poco a un cafecito de la Toscana, pero en San ...",4.0,Café Toscano San Ángel,3.5
"Si existe la posibilidad de matar una tarde, comer en una ambiente festivo y seguirla a la noche, esta opción en San Angel es más que considerable...",4.0,Centralito Sur,4.0
"Me gusta este lugar y es de los mejor en el centro de Coyoacán, el Atún al Habanero que ya es un clásico en el menú, sin embargo no encuentro concistencia, a ve...",4.0,Los Danzantes Coyoacán,4.0
"Indudablemente vayan por la vista que tendrán al atardecer, honestamente no recuerdo que tan buena es la calidad de los alimentos porque lo que recuerdo es sin ...",5.0,Le Kliff,4.5
"Solía disfrutar mucho este pedacito de Yucatán en la CDMX, desgraciadamente tuve una mala experiencia hace un par de semanas, la comida bastante regular por dec...",3.0,Los Almendros Insurgentes,3.5
