"Este hotel sin duda tiene el sello de grupo Xcaret, todo muy bien planeado, las instalaciones muy creativas, el entorno en general atractivo y de muy buen nivel...",4.0,Hotel Xcaret México,4.5
"el lugar se encuentra en la playa y la mayoria de las mesas están sobre la arena, tiene una agradable vista y siempre con gran cantidad de gente. El servicio es...",5.0,The Office,4.5
"Este velero es relativamente pequeño, capacidad para unos 30 pasajeros aprox lo que lo hace más atractivo al no sentirse demasiada gente. Es un velero de los añ...",4.0,Tu Enamorado,4.5
"Este restaurant es dirigido por el Chef Benito Molina, por lo que se tiene una alta expectativa. En verdad que su comida es deliciosa, la atención excelente y e...",5.0,La Revolución. Comedor de Baja California,4.5
"El lugar es sencillamente encantador. este es un lugar con mucha demanda por lo que es conveniente reservar al menos un día antes. Tiene diferentes áreas, desde...",5.0,Sunset Monalisa,4.5
"El hotel se encuentra a unos pasos de la plaza principal, por lo que su ubicación es inmejorable. El hotel en general tiene un agradable y bonito diseño, son no...",4.0,Hotel Helverica,3.5
"Este hotel se encuentra ubicado muy cerca de la estacion de trenes termini, lo que lo puede hacer muy práctico, a menos que lleves muchas maletas, ya que es tan...",4.0,"Palazzo Montemartini Rome, A Radisson Collection Hotel",4.5
"La scalinatella es un hotel que pone un máximo cuidado en el servicio, desde la espera en el muelle, al bajar del barco ellos se hacen cargo del equipaje y de e...",5.0,La Scalinatella,4.5
"Este es un excelente hotel, mejor ubicación y servicio no encontrarán, está a unos cuantos pasos del Duomo, con excelente servicio por parte de todo el staff, s...",5.0,Room Mate Giulia,5.0
"El hotel se encuentra ubicado frente al rio Arno, y muy cerca de la Galeria Ufizzi, al igual que el ponte vecchio y palacio Pitti, puedes ir caminando a todos e...",3.0,Hotel Balestri,4.5
"Este hotel se encuentra muy cerca de la plaza san Marcos, y tiene al frente el Hard Rock café. Si se toma un taxi acuatico es posible llegar directamente al peq...",3.0,Hotel Cavalletto & Doge Orseolo,3.5
"Este es un hotel pequeño con instalaciones confortables y una excelente atención por parte de todo su personal. Las habitaciones no son muy grandes, pero tienen...",3.0,Hotel Parlament,5.0
"El hotel se encuentra a unos cuantos metros de la estación central, si tomas el tren desde el aeropuerto podrás llegar caminando desde la estación en 5 minutos....",5.0,DoubleTree by Hilton Amsterdam Centraal Station,4.0
"Este hotel tiene excelentes instalaciones y una buena atención. Las habitaciones son bastante amplias, al igual que el área de baño, con ducha y tina de baño po...",3.0,Hotel KINGS COURT,4.5
Si deseas disfrutar de una rica comida con excelente atención y rodeado de un ambiente único con decoración y ambientación que recuerda tiempo pasados de elegan...,5.0,Cafe Imperial,4.5
"Esta es una aerolinea de bajo costo, y no creo se deba asociar bajo costo con deficientes servicios. Nuestro vuelo fue cambiado de horario sin haber mandado not...",2.0,Volaris,3.0
"Este hotel es sin duda una gran experiencia de hospedaje en cuanto a servicio es excelente, todo el personal se esmera por hacer que la estadía sea inmejorable,...",4.0,Tabacon Thermal Resort & Spa,4.5
"Tuvimos una estadía de dos dias, después de haber estado en el hotel Tabacón en la Fortuna, y lamentablemente comparar el servicio fue desastroso. El hotel marr...",3.0,Costa Rica Marriott Hotel Hacienda Belen,4.5
"Este hotel que tiene una muy buena ubicación, y que se le cataloga como hotel boutique, ciertamente es un hotel pequeño y, como muchos hoteles europeos, con ade...",3.0,H10 Catalunya Plaza,4.5
"Este restaurante muy bien ubicado sobre rambla catalunya, a unas dos cuadras de la plaza catalunya. Tiene una tapas muy buenas y se disfrutan, por sabor y textu...",4.0,Ciudad Condal,4.5
