I booked a one night stay for myself and my 3 kids. I chose the only room available with a seperate bedroom so we had that plus a pull out sofa bed. Should have...,2.0,Super 8 by Wyndham Portage La Prairie MB,3.5
I have eaten at some amazing restaurants in my life but last night in Whitehorse I think I found my absolute favorite of all time! The Wayfarer Oyster House @w...,5.0,Wayfarer Oyster House,4.5
I have eaten at some amazing restaurants in my life but last night in Whitehorse I think I found my absolute favorite of all time! The Wayfarer Oyster House @w...,5.0,Wayfarer Oyster House,4.5
I have eaten at some amazing restaurants in my life but last night in Whitehorse I think I found my absolute favorite of all time! The Wayfarer Oyster House @w...,5.0,Wayfarer Oyster House,4.5
A perfect breakfast spot with s unique menu and a great selection of choices. Service was great but the standout was the croissant French toast with berries!! ...,4.0,Burnt Toast Cafe,4.0
Everything was delicious and the ambience felt authentic and super friendly. The pulled wild boar was fantastic but the halibut chowder is almost worth a trip...,4.0,Klondike Rib & Salmon,4.5
I have eaten at some amazing restaurants in my life but last night in Whitehorse I think I found my absolute favorite of all time! The Wayfarer Oyster House @w...,5.0,Wayfarer Oyster House,4.5
I have eaten at some amazing restaurants in my life but last night in Whitehorse I think I found my absolute favorite of all time! The Wayfarer Oyster House @w...,5.0,Wayfarer Oyster House,4.5
I have eaten at some amazing restaurants in my life but last night in Whitehorse I think I found my absolute favorite of all time! The Wayfarer Oyster House @w...,5.0,Wayfarer Oyster House,4.5
desconocido,4.5,Wayfarer Oyster House,4.5
desconocido,4.5,Wayfarer Oyster House,4.5
desconocido,4.5,Wayfarer Oyster House,4.5
On a visit to Calgary we were brought here by friends for dinner and found the menu quite eclectic. I am a huge fan of scotch eggs and while theirs featured on...,4.0,Brasserie Kensington,4.0
A quick light lunch has taken on a whole new meaning here. Miso ramen had so much depth of flavor and the best miso I've ever had. The selection of sake and ...,5.0,Goro and Gun,4.0
"After seeing Chef Darren MacLean compete on The Final Table, and hearing about the amazing work he was doing in his Calgary restaurant I could not wait for the ...",5.0,Shokunin,4.5
My Family and I have traveled all over Louisiana and the southern US - on this trip we have crossed 12 States within 3 weeks. The Bullfish was simply one of th...,5.0,The Bullfish Bar+Kitchen,4.5
"I wosh I could review tge food, the menu looked decent, but I can't because we never got served! We were seated on the patio by a hostess so someone knew we w...",1.0,Anthony's Italian Restaurant,4.0
"Steve made this experience so much fun, I am so glad he was our guide! The food, the drinks, the scenery were all incredible. If I had to critique anything I ...",5.0,Great Smoky Mountains Railroad,4.0
We were a late night walk in and the staff were beyond accomodating. A fantastically different menu with creative and flavourful options all done exceptionally ...,5.0,The Bistro at the Everett Hotel,4.5
"We wandered in for lunch after tasting their beers elsewhere, they were really good! The bar tables were empty except for maybe 12 people the bar with two barte...",1.0,"Nantahala Brewing Company Taproom, Smokehouse & Brewery",4.5
"In three days we had one dinner and two breakfasts at the Inn, not a bad bite was had! I highly recommend adding both pecans and apples to the pancakes. You w...",5.0,Fryemont Inn Dining Room,4.5
"They have taken this incredible natural beauty and commercialized it to the point it almost seems fake. Underground special effect lighting, video screens, wi...",3.0,Ruby Falls,4.0
desconocido,4.5,Escape The Final Countdown,4.5
desconocido,4.5,Escape The Final Countdown,4.5
desconocido,4.5,Escape The Final Countdown,4.5
desconocido,4.5,Escape The Final Countdown,4.5
desconocido,4.5,Escape The Final Countdown,4.5
desconocido,4.5,Escape The Final Countdown,4.5
desconocido,4.5,Escape The Final Countdown,4.5
desconocido,4.5,Escape The Final Countdown,4.5
desconocido,4.5,Escape The Final Countdown,4.5
desconocido,4.5,Escape The Final Countdown,4.5
desconocido,4.5,Escape The Final Countdown,4.5
desconocido,4.5,Escape The Final Countdown,4.5
desconocido,4.5,Escape The Final Countdown,4.5
desconocido,4.5,Escape The Final Countdown,4.5
desconocido,4.5,Escape The Final Countdown,4.5
desconocido,4.5,Escape The Final Countdown,4.5
desconocido,4.5,Escape The Final Countdown,4.5
desconocido,4.5,Escape The Final Countdown,4.5
desconocido,4.5,Escape The Final Countdown,4.5
desconocido,4.5,Escape The Final Countdown,4.5
desconocido,4.5,Escape The Final Countdown,4.5
desconocido,4.5,Escape The Final Countdown,4.5
desconocido,4.5,Escape The Final Countdown,4.5
desconocido,4.5,Escape The Final Countdown,4.5
desconocido,4.5,Escape The Final Countdown,4.5
desconocido,4.5,Escape The Final Countdown,4.5
desconocido,4.5,Escape The Final Countdown,4.5
desconocido,4.5,Escape The Final Countdown,4.5
desconocido,4.5,Escape The Final Countdown,4.5
desconocido,4.5,Escape The Final Countdown,4.5
desconocido,4.5,Escape The Final Countdown,4.5
desconocido,4.5,Escape The Final Countdown,4.5
desconocido,4.5,Escape The Final Countdown,4.5
desconocido,4.5,Escape The Final Countdown,4.5
desconocido,4.5,Escape The Final Countdown,4.5
desconocido,4.5,Escape The Final Countdown,4.5
desconocido,4.5,Escape The Final Countdown,4.5
desconocido,4.5,Escape The Final Countdown,4.5
desconocido,4.5,Escape The Final Countdown,4.5
desconocido,4.5,Escape The Final Countdown,4.5
desconocido,4.5,Escape The Final Countdown,4.5
desconocido,4.5,Escape The Final Countdown,4.5
desconocido,4.5,Escape The Final Countdown,4.5
desconocido,4.5,Escape The Final Countdown,4.5
desconocido,4.5,Escape The Final Countdown,4.5
This was far from my first float but it was my first float that wasn't in a pod. And having an actual room instead of just a pod was much much better experience...,5.0,Fluid Float Studio,5.0
desconocido,4.5,Escape The Final Countdown,4.5
desconocido,4.5,Escape The Final Countdown,4.5
desconocido,4.5,Escape The Final Countdown,4.5
desconocido,4.5,Escape The Final Countdown,4.5
desconocido,4.5,Escape The Final Countdown,4.5
desconocido,4.5,Escape The Final Countdown,4.5
desconocido,4.5,Escape The Final Countdown,4.5
desconocido,4.5,Escape The Final Countdown,4.5
desconocido,4.5,Escape The Final Countdown,4.5
desconocido,4.5,Escape The Final Countdown,4.5
desconocido,4.5,Escape The Final Countdown,4.5
desconocido,4.5,Escape The Final Countdown,4.5
desconocido,4.5,Escape The Final Countdown,4.5
desconocido,4.5,Escape The Final Countdown,4.5
desconocido,4.5,Escape The Final Countdown,4.5
desconocido,4.5,Escape The Final Countdown,4.5
desconocido,4.5,Escape The Final Countdown,4.5
desconocido,4.5,Escape The Final Countdown,4.5
desconocido,4.5,Escape The Final Countdown,4.5
desconocido,4.5,Escape The Final Countdown,4.5
desconocido,4.5,Escape The Final Countdown,4.5
desconocido,4.5,Escape The Final Countdown,4.5
desconocido,4.5,Escape The Final Countdown,4.5
desconocido,4.5,Escape The Final Countdown,4.5
desconocido,4.5,Escape The Final Countdown,4.5
desconocido,4.5,Escape The Final Countdown,4.5
desconocido,4.5,Escape The Final Countdown,4.5
desconocido,4.5,Escape The Final Countdown,4.5
desconocido,4.5,Escape The Final Countdown,4.5
desconocido,4.5,Escape The Final Countdown,4.5
desconocido,4.5,Escape The Final Countdown,4.5
desconocido,4.5,Escape The Final Countdown,4.5
desconocido,4.5,Escape The Final Countdown,4.5
desconocido,4.5,Escape The Final Countdown,4.5
desconocido,4.5,Escape The Final Countdown,4.5
desconocido,4.5,Escape The Final Countdown,4.5
desconocido,40.4,Escape the Final Countdown,40.4
desconocido,40.4,Escape the Final Countdown,40.4
desconocido,40.4,Escape the Final Countdown,40.4
desconocido,40.4,Escape the Final Countdown,40.4
desconocido,40.4,Escape the Final Countdown,40.4
desconocido,40.4,Escape the Final Countdown,40.4
desconocido,40.4,Escape the Final Countdown,40.4
desconocido,40.4,Escape the Final Countdown,40.4
desconocido,40.4,Escape the Final Countdown,40.4
desconocido,40.4,Escape the Final Countdown,40.4
desconocido,40.4,Escape the Final Countdown,40.4
desconocido,40.4,Escape the Final Countdown,40.4
desconocido,40.4,Escape the Final Countdown,40.4
desconocido,40.4,Escape the Final Countdown,40.4
desconocido,40.4,Escape the Final Countdown,40.4
desconocido,40.4,Escape the Final Countdown,40.4
desconocido,40.4,Escape the Final Countdown,40.4
desconocido,40.4,Escape the Final Countdown,40.4
desconocido,40.4,Escape the Final Countdown,40.4
desconocido,40.4,Escape the Final Countdown,40.4
desconocido,40.4,Escape the Final Countdown,40.4
desconocido,40.4,Escape the Final Countdown,40.4
desconocido,40.4,Escape the Final Countdown,40.4
desconocido,40.4,Escape the Final Countdown,40.4
desconocido,40.4,Escape the Final Countdown,40.4
desconocido,40.4,Escape the Final Countdown,40.4
desconocido,40.4,Escape the Final Countdown,40.4
desconocido,40.4,Escape the Final Countdown,40.4
desconocido,40.4,Escape the Final Countdown,40.4
desconocido,40.4,Escape the Final Countdown,40.4
desconocido,40.4,Escape the Final Countdown,40.4
desconocido,40.4,Escape the Final Countdown,40.4
desconocido,40.4,Escape the Final Countdown,40.4
desconocido,40.4,Escape the Final Countdown,40.4
desconocido,40.4,Escape the Final Countdown,40.4
desconocido,40.4,Escape the Final Countdown,40.4
desconocido,40.4,Escape the Final Countdown,40.4
desconocido,40.4,Escape the Final Countdown,40.4
desconocido,40.4,Escape the Final Countdown,40.4
desconocido,40.4,Escape the Final Countdown,40.4
desconocido,40.4,Escape the Final Countdown,40.4
desconocido,40.4,Escape the Final Countdown,40.4
desconocido,40.4,Escape the Final Countdown,40.4
desconocido,40.4,Escape the Final Countdown,40.4
desconocido,40.4,Escape the Final Countdown,40.4
desconocido,40.4,Escape the Final Countdown,40.4
desconocido,40.4,Escape the Final Countdown,40.4
desconocido,40.4,Escape the Final Countdown,40.4
desconocido,40.4,Escape the Final Countdown,40.4
desconocido,40.4,Escape the Final Countdown,40.4
desconocido,40.4,Escape the Final Countdown,40.4
desconocido,40.4,Escape the Final Countdown,40.4
desconocido,40.4,Escape the Final Countdown,40.4
desconocido,40.4,Escape the Final Countdown,40.4
desconocido,40.4,Escape the Final Countdown,40.4
desconocido,40.4,Escape the Final Countdown,40.4
desconocido,40.4,Escape the Final Countdown,40.4
desconocido,40.4,Escape the Final Countdown,40.4
desconocido,40.4,Escape the Final Countdown,40.4
desconocido,40.4,Escape the Final Countdown,40.4
desconocido,40.4,Escape the Final Countdown,40.4
desconocido,40.4,Escape the Final Countdown,40.4
desconocido,40.4,Escape the Final Countdown,40.4
desconocido,40.4,Escape the Final Countdown,40.4
desconocido,40.4,Escape the Final Countdown,40.4
desconocido,40.4,Escape the Final Countdown,40.4
desconocido,40.4,Escape the Final Countdown,40.4
desconocido,40.4,Escape the Final Countdown,40.4
desconocido,40.4,Escape the Final Countdown,40.4
desconocido,40.4,Escape the Final Countdown,40.4
desconocido,40.4,Escape the Final Countdown,40.4
desconocido,40.4,Escape the Final Countdown,40.4
desconocido,40.4,Escape the Final Countdown,40.4
desconocido,40.4,Escape the Final Countdown,40.4
desconocido,40.4,Escape the Final Countdown,40.4
desconocido,40.4,Escape the Final Countdown,40.4
desconocido,40.4,Escape the Final Countdown,40.4
desconocido,40.4,Escape the Final Countdown,40.4
desconocido,40.4,Escape the Final Countdown,40.4
desconocido,40.4,Escape the Final Countdown,40.4
desconocido,40.4,Escape the Final Countdown,40.4
desconocido,40.4,Escape the Final Countdown,40.4
desconocido,40.4,Escape the Final Countdown,40.4
desconocido,40.4,Escape the Final Countdown,40.4
desconocido,40.4,Escape the Final Countdown,40.4
desconocido,40.4,Escape the Final Countdown,40.4
desconocido,40.4,Escape the Final Countdown,40.4
desconocido,40.4,Escape the Final Countdown,40.4
desconocido,40.4,Escape the Final Countdown,40.4
desconocido,40.4,Escape the Final Countdown,40.4
desconocido,40.4,Escape the Final Countdown,40.4
desconocido,40.4,Escape the Final Countdown,40.4
desconocido,40.4,Escape the Final Countdown,40.4
desconocido,40.4,Escape the Final Countdown,40.4
desconocido,40.4,Escape the Final Countdown,40.4
desconocido,40.4,Escape the Final Countdown,40.4
desconocido,40.4,Escape the Final Countdown,40.4
desconocido,40.4,Escape the Final Countdown,40.4
desconocido,40.4,Escape the Final Countdown,40.4
desconocido,40.4,Escape the Final Countdown,40.4
desconocido,40.4,Escape the Final Countdown,40.4
desconocido,40.4,Escape the Final Countdown,40.4
desconocido,40.4,Escape the Final Countdown,40.4
desconocido,40.4,Escape the Final Countdown,40.4
desconocido,40.4,Escape the Final Countdown,40.4
desconocido,40.4,Escape the Final Countdown,40.4
desconocido,40.4,Escape the Final Countdown,40.4
desconocido,40.4,Escape the Final Countdown,40.4
desconocido,40.4,Escape the Final Countdown,40.4
desconocido,40.4,Escape the Final Countdown,40.4
desconocido,40.4,Escape the Final Countdown,40.4
desconocido,40.4,Escape the Final Countdown,40.4
desconocido,40.4,Escape the Final Countdown,40.4
desconocido,40.4,Escape the Final Countdown,40.4
desconocido,40.4,Escape the Final Countdown,40.4
desconocido,40.4,Escape the Final Countdown,40.4
desconocido,40.4,Escape the Final Countdown,40.4
desconocido,40.4,Escape the Final Countdown,40.4
desconocido,40.4,Escape the Final Countdown,40.4
desconocido,40.4,Escape the Final Countdown,40.4
desconocido,40.4,Escape the Final Countdown,40.4
We were not disappointed in this experience at all. From the delicious and creating cocktails to the wines chosen to pair with the tasting menu to the exception...,5.0,Saveur Restaurant,4.5
"If I were ever to own a bar/restaurant, this is what I would want it to be! Beautiful decor, building and furnishings, exceptional service, great food, great dr...",5.0,Bard & Banker,4.5
"I stopped in for a light snack and a drink while shopping in Victoria. Having been to Barcelona just a few months ago, I was hoping for a reminder of Spain and ...",5.0,Bodega,4.5
