"he viajado varias veces en esta aerolinea, y me parece muy buen servicio el que proporcionan, puntual y seguro. nos gusta ir de vacaciones en esta aerolìena",5.0,Magnicharters,4.5
"Los servicios que ofrecen antes, y durante el viaje en ferry o incluso en la recepción del hotel, lo único que te dan de beneficio es la transportación del hote...",5.0,Arrecife Palancar,5.0
"Me encanta ir al mar y buscar la opción de ir a snorkelear, este lugar me ofreció vistas increibles, y como son solo dos metros y medio la posibilidad de ir al ...",5.0,Playa El Cielo,4.5
"Es bonita si la recorres, antes de tomar el ferry de regreso puedes dedicarle unos minutos para dar la vuelta incluso comprar algún recuerdo o tomarte la foto, ...",4.0,The Plaza,4.0
"Después de la decepción de encontrar algas por todos lados, llegar a playa norte y encontrar playa limpia y el color del agua del mar excepcional, cambio nuestr...",5.0,Playa Norte,4.5
"Puedes nadar y estar cerca de los peces, tan cerca que a veces hay que hacerlos a un lado para continuar. contratamos un paseo con la cooperativa y además de ba...",5.0,El Farito,4.5
"Puedes encontrar casi cualquier cosa, comida, ropa, recuerdos, y otros artículos raros, llena de luces, también es el paseo de muchos turistas así que acostumbr...",5.0,Quinta Avenida,4.0
"Hay dos opciones de ferry, cualquiera es buena opción, solo que si vas a ir también a islas mujeres te conviene pensar en esta opción y comprar los tickets de a...",5.0,UltramarFerry,4.0
"Se aglomera demasiadas personas, es dificl tomar una foto y a veces caminar pero esta hermosa la escultura.",4.0,Parque Los Fundadores,4.0
"Es un lugar pésimo, el servicio al llegar sin chiste, sin ganas, deben de darles un curso de atención al cliente. La comida, todo el tiempo preguntan por alergi...",1.0,Ocean Riviera Paradise,4.5
"La avenida esta muy bien señalizada y puedes ver la variedad de opciones de hospedaje y hacer algunas paradas para la foto, también puedes comer en alguno de lo...",5.0,Avenida Kukulkan,4.5
"El lugar lo usamos como estacionamiento, pero no tiene mucho que hacer. y los comercios no ofrecen variedad. sirve como punto de partida para ir a conocer el en...",3.0,Forum By The Sea,3.0
"El lugar me agradó para volver, el servicio bueno... sin embargo, el sabor o sazón no fue el esperado en las sopas, mucho por mejorar. el corte exquisito. En ...",4.0,Sonora Grill Juriquilla,4.5
"Me dejo un buen sabor de boca, aunque los mariscos estilo sinaloa que imagine seria, resulto una sorpresa. me fascino que hubiera mariachi en domingo, son de la...",4.0,Restaurante Mariscos Save,4.0
"Visitamos el lugar entre semana, con la idea de tomar una bebida (con alcohol y sin alcohol), y bueno, los alimentos de calidad y buen sabor, pero... les falta ...",4.0,La Taperia Taberna,4.5
"para mi, es un lugar imperdible, me encanta el teatro y al entrar y ver la distribución puedes viajar con la imaginación. también si te gusta la historia puede...",5.0,Teatro de la República,4.5
"Estando hospedado en Pachuca, decidimos acudir en familia (10) a desayunar, sin embargo, no fue el deseo del lugar hacernos reservación, ir con adultos mayores ...",3.0,Real del Monte,4.0
"Tiene diversos espacios que son agradables, sin embargo, como para una visita turìstica no es la opción, es más para las personas que viven ahí o bien son de ha...",3.0,Parque David Ben Gurión,4.0
"Fue la salvación, estabamos en el centro buscando una opción de música y diversión en familia, apareció esta opción y fue una excelente opción, le da un aire a ...",5.0,La Chilanguita,5.0
"quedo como opción conocer este domingo el museo, sin embargo, el área arqueológica en reparación que bueno, no vale la pena, ya que no ofrece nada relevante. Lo...",3.0,Museo El Rehilete,4.0
