A group of 13 of us stayed here for four nights. It was wonderful as usual. The staff was wonderful and I especially want to shout out to Olivia at check out! ...,5.0,Harrah's Las Vegas Hotel & Casino,4.0
We came as a group of 8 to celebrate friends' 25th anniversary! The place is nice and beach is pretty ( beach vendors way too pushy)! Water was okay but not as ...,4.0,Sandals Grande St. Lucian,4.5
We had a very nice time here on a weekend girl's lunch. They food and drinks were wonderful. The service was very prompt. The portions are very large and chi...,5.0,Cancun Mexican Grill,4.5
Love the fresh ingredients at this little cafe. The salad bar is the best in Hays and there is so much variety on it. Everything in this place is delicious.,5.0,Soda Shoppe Cafe,4.0
Went with friends for 6 nights! This is a very pretty property with lovely employees. Beach is so so but sand was pretty. Restaurants were above average for a...,5.0,Secrets Playa Mujeres Golf & Spa Resort,4.5
Husband said the course was great and loved seeing alligator on hole 9! He had fun! Met up with two other golfers and they golfed together!,5.0,Playa Mujeres Golf Club,4.5
"We stayed here night before going to Mexico! Nice , clean rooms close to airport! Very nice reception and nice breakfast lay out! Will stay here again! The ro...",4.0,Holiday Inn Express Denver Airport,3.5
They gave us a great deal for two large pizzas delivered to our hotel in Denver! Pizza was great and fast delivery! Very happy with pizza!,5.0,Papa John's Pizza,4.0
Stayed Friday night on the 16th of Sept. We had a very nice junior suite and we loved it. Had fun gambling and actually came away a winner from the slots. Lo...,5.0,Harrah's Kansas City,4.0
Stayed Friday night on the 16th of Sept. We had a very nice junior suite and we loved it. Had fun gambling and actually came away a winner from the slots. Lo...,5.0,Harrah's Kansas City,4.0
so good and very fast service. Those little burgers sure hit the spot when you are having fun but need to eat something good and quick.,5.0,White Castle,3.5
Best place to gamble on the strip. They give you back cash to play with according to how much you spend. I thought the return rate was WAY better than other c...,5.0,Casino Royale,4.0
We were comped our meal for gambling at the Casino Royale downstairs from here. Our meal was delicious and our waiter was great. We will be back.,5.0,Outback Steakhouse,4.0
These people are very easy to work with. They made our special day even more special by working with us to ensure our satisfaction! Our wedding planner was s...,5.0,Vegas Weddings,4.5
The food was very good and the crab legs were hot and tasty ! The service was great and all the food seemed to be rotated out in a timely manner!,5.0,"Flavors, The Buffet",3.5
"Although it seemed a little pricey, the food was beyond excellent. The crabcakes were to die for and my steak was the best steak I ever Had!!!",5.0,Oyster Bar,4.5
These hotdogs were some of the best he had ever had in Las Vegas. It's nice to see you can still get cheap eats on the strip!,5.0,Foot Long Hot Dog,4.0
We always love to visit this place when we are in Vegas. The food is so good And The environment is so lively. We missed seeing the real Toby Keith by maybe tw...,5.0,Toby Keith's I Love This Bar & Grill,4.0
We always love to visit this place when we are in Vegas. The food is so good And The environment is so lively. We missed seeing the real Toby Keith by maybe tw...,5.0,Toby Keith's I Love This Bar & Grill,4.0
"The resort itself was very nice. Loved the food, the drinks, the staff (for the most part), the rooms, etc. I can't think of his name, but the smiling cook at t...",4.0,Iberostar Selection Playa Mita,4.5
This was very stunning and well worth the trip. Our tour guides with Dressel Divers were top notch and very safe. We all loved seeing this area.,5.0,Islas Marietas,4.5
"We recently stayed at Iberostar in Playa Mita, Mexico and decided to take a snorkeling trip with 20 people in our group. We found Dressel divers on the beach an...",5.0,Dressel Divers,5.0
4 couples traveled to Punta Cana for the very first time. We have been to Jamaica and Mexico several times and were overall pleased with our stay at Iberostar ...,5.0,Iberostar Grand Bavaro,5.0
Our group of 26 stayed here for a week for a wedding vow renewal. This is my third time in Jamaica but my first in Montego Bay. The resort was beautiful. The...,5.0,Iberostar Rose Hall Beach,4.0
Had the fish and seafood pasta on Good Friday. They were both delicious. Love the jalapeno tarter sauce. Love the atmosphere and the fun vibe. HUGE portions...,5.0,Margaritaville Las Vegas,4.0
desconocido,40.4,Negril,40.4
desconocido,40.4,Negril,40.4
desconocido,40.4,Negril,40.4
desconocido,40.4,Negril,40.4
desconocido,40.4,Negril,40.4
desconocido,40.4,Negril,40.4
desconocido,40.4,Negril,40.4
desconocido,40.4,Negril,40.4
desconocido,40.4,Negril,40.4
desconocido,40.4,Negril,40.4
desconocido,40.4,Negril,40.4
desconocido,40.4,Negril,40.4
desconocido,40.4,Negril,40.4
desconocido,40.4,Negril,40.4
desconocido,40.4,Negril,40.4
desconocido,40.4,Negril,40.4
desconocido,40.4,Negril,40.4
desconocido,40.4,Negril,40.4
desconocido,40.4,Negril,40.4
desconocido,40.4,Negril,40.4
desconocido,40.4,Negril,40.4
desconocido,40.4,Negril,40.4
desconocido,40.4,Negril,40.4
desconocido,40.4,Negril,40.4
desconocido,40.4,Negril,40.4
"Had Lomas arrange transfers from Cancun airport to Cozumel resort. From the mini van, to the ferry, from the ferry to resort = all went perfectly and everythin...",5.0,Lomas Travel,4.0
"We took a group of 37 to El Coz for 6 nights. For some of them, this was their first time. Some it was their 6th time and some our 3rd. It will now be the l...",2.0,El Cozumeleño Beach Resort,4.0
Stayed in a Go room on the 25th floor. The room was clean and very comfortable. Our room was not too far of a walk so that was a plus for sure. The elevators...,4.0,Flamingo Las Vegas Hotel & Casino,3.5
We are seasoned Vegas Veterans and have always talked about going to Carrot Top. We finally did and we LOVED HIM.. It was a terrific show and we laughed our bu...,5.0,Carrot Top,4.5
desconocido,40.4,Las Vegas,40.4
Had talked this place up to friends because have been here several times before and loved it. We had to wait in line quite a long time even though the place wa...,3.0,Hash House a Go Go,4.5
Had talked this place up to friends because have been here several times before and loved it. We had to wait in line quite a long time even though the place wa...,3.0,Hash House a Go Go,4.5
We have been here twice now and it didn't disappoint. We came around 9pm and ate supper. Our waiter was so nice and we got an appetizer and shared a burger wi...,5.0,Hash House a Go Go,4.5
We have been here twice now and it didn't disappoint. We came around 9pm and ate supper. Our waiter was so nice and we got an appetizer and shared a burger wi...,5.0,Hash House a Go Go,4.5
Great food.... amazing drinks... I love this bar....my kind of place.,5.0,Toby Keith's I Love This Bar & Grill,4.0
Great food.... amazing drinks... I love this bar....my kind of place.,5.0,Toby Keith's I Love This Bar & Grill,4.0
desconocido,40.4,Punta Cana,40.4
Don't drink more than one blue margarita... The Vibe is fun and music is great. We have been there before. The food is good but very expensive. It is like 18...,4.0,Coconuts Bar and Grill,4.5
6 of us stayed for two nights for a friend's 40th birthday. We had two Las Vegas tower rooms which are much nicer than the Atlantic City Towers. The rooms were...,4.0,Harrah's Kansas City,4.0
6 of us stayed for two nights for a friend's 40th birthday. We had two Las Vegas tower rooms which are much nicer than the Atlantic City Towers. The rooms were...,4.0,Harrah's Kansas City,4.0
"Our group of 8 (4 couples) stayed here Oct,. 16-22, 2010. The resort was great. The ride from the airport on the Couples bus was long but the driver had many ...",5.0,Couples Tower Isle,4.5
