Es un Oasis en medio de una fantástica y deslumbrante ciudad. Strawberry Field es realmente emocionante.,5.0,Central Park,4.5
"Es un excelente hotel 4 estrellas superior, con habitaciones grandes y cómodas, wifi gratuito, una cafetería dentro del hotel, y la ubicación es inmejorable. Si...",4.0,Park Central Hotel New York,4.0
"El hotel es un 3 estrellas superior, con wifi pago, excelente ubicación, a metros de una estación de subterráneo. Las habitaciones son amplias y cómodas, la lim...",4.0,Wellington Hotel,3.5
"Quedamos encantados con este hotel. Es un cuatro estrellas ubicado en Union Square, pleno centro de San Francisco. La atención del personal es maravillosa, son ...",4.0,"The Cartwright Hotel - Union Square, BW Premier Collection",4.0
"Realmente no se puede dejar de perder esta excursión aquellos que visiten Puerto Vallarta y alrededores. Es emocionante, pura belleza natural por donde se mire....",5.0,Islas Marietas,4.5
"La vista de west view, poder tirarse del tobogán o del trampolín, hacer snorkel con esa cantidad de pececitos, es ESPECTACULAR, impagable!!!! No se lo pierdan.....",5.0,West View,4.5
"Muy buen hotel, perfectamente ubicado en la zona de Paitilla. Las habitaciones son muy grandes y muy confortables. La vista a la ciudad y la Bahía es excelente,...",4.0,Plaza Paitilla Inn,4.0
"Es un bello 4 estrellas, con una playa excelente. Las habitaciones son amplias y bellas. La comida es muy buena acorde q un cuatro estrellas, conpotes individua...",4.0,Memories Varadero Beach Resort,3.5
"El hotel tiene habitaciones y gastronomía excelente. El servicio y la atención del personal es muy buena, todas las noches después del teatro hay música en vivo...",5.0,Memories Paraiso Beach Resort,4.0
"Estuve alojada hace una semana en el hotel, y la verdad es que es excelente. El personal es muy amable, las piscinas son muy limpias, la gastronomía es muy vari...",5.0,"Hotel Playa Pesquero Resort, Suite & Spa",4.0
"Hermosas playas, de lo más bello de la zona, muy tranquilas y alejadas de todo, para recomendar 100%.",5.0,Playa Esmeralda,4.5
"Vale la pena conocerlo pero yendo por cuenta propia como lo hicimos nosotros... La gente que había pagado por la excursión no estaba muy contenta, no hay mucho ...",3.0,Hito Tres Fronteras,3.5
"Muy bueno para estar en contacto directo con las aves... Ssi van con niños mucho mejor, van a quedar muyr sorprendidos. La jaula de los pelícanos y de los papag...",5.0,Parque das Aves,4.5
"Muy bueno para estar en contacto directo con las aves... Ssi van con niños mucho mejor, van a quedar muyr sorprendidos. La jaula de los pelícanos y de los papag...",5.0,Parque das Aves,4.5
"Son realmente muy bellas las cataratas y el parque está muy bien conservado. Fui en plena semana santa y era un mundo de gente, así y todo pudimos ver todas las...",5.0,Cataratas del Iguazú,5.0
"Muy recomendable, para estar en contacto directo con papagayos y tucanes, hermoso!!!!!!! Sobre todo para ir con niños. La comida es buena.",5.0,Parque das Aves,4.5
"Muy recomendable, para estar en contacto directo con papagayos y tucanes, hermoso!!!!!!! Sobre todo para ir con niños. La comida es buena.",5.0,Parque das Aves,4.5
Jamás en mi vida viajé tan bien en un transporte público. Funciona a la perfección y está excelentemente bien señalizado. Jamás podrías perderte aunque esa es l...,5.0,London Underground,4.5
"El cristo es fascinante, no podés ir a Rio y no ir al Cristo Redentor. Es una maravila que merece ser visitada. No se puede describir con palabras, hay que ir a...",5.0,Estatua de Cristo el Redentor,4.5
"Muy lindo, se hace la excursión el mismo día que la de Cristo Redentor. Es bastante cansador para gente mayor tal vez, pero realmente cale la pena y vale cada c...",4.0,Pão de Açúcar,4.5
"Me alojé hace varios años en este hotel. La ubicación es excelente, a pasos de la estación de Subte PADDINGTON. Me encantó la ubicación, es un barrio tranquilo ...",3.0,Westpoint Hotel,3.0
"Viaje a este hotel hace algunos años, tiene muy lindas habitaciones, buena gastronomía, pero la playa es a mar abierto, y no hay servicio de playa en la arena. ...",4.0,Vila Galé Marés,4.0
