"Si necesitas donde quedarte para salir temprano es una magnífica opción. El restaurante es madrugador y te atiende mi tocayo Ernesto, con un excelente servicio....",4.0,Mision Colima,4.0
El hotel está muy bien ubicado y el área de piscinas cuenta con una vista espectacular de la bahía. Las instalaciones son muy buenas y no tuvimos dificultades p...,4.0,Hotel Meson de Mita,4.0
"Si les da miedo el agua, les informo que el acceso implica nadar a través de una cueva sumergida. Es preferible ir con la marea baja.",5.0,Islas Marietas,4.5
Hablo enserio con los camarones. Si van después de las 5:00 pueden escuchar a las rocas golpeándose con la ayuda del mar. Pidan una mesa lejos de Neptuno.,5.0,Restaurant La Cabana,4.5
"Dos horas para tener servicio, los cuervos consiguen las mejores mesas. Tragos calientes. Las mesas están limpias, el restaurante tiene salida al mar.",1.0,El Dorado,4.5
