Llegar a la isla ya es toda una experiencia. luego nadas para entrar a la Isla Escondida que es una maravilla en medio del océano. También hay una diversidad de...,4.0,Islas Marietas,4.5
Llegar a la isla ya es toda una experiencia. luego nadas para entrar a la Isla Escondida que es una maravilla en medio del océano. También hay una diversidad de...,4.0,Islas Marietas,4.5
"Excelente servicio del hotel, las habitaciones muy limpias y confortables. La comida muy rica y variada. Las instalaciones también están bastante bien, las pisc...",4.0,Hotel Riu Caribe,4.0
"El día se hace corto con tantas actividades que hay para hacer. desde ver animales, nadar a través de cuevas, ver espectáculos nocturnos, nadar en la playa y má...",5.0,Parque Xcaret,4.5
He comido muchas veces en este restaurante y jamás he tenido ningún inconveniente. he ido a comer a varios restaurantes de comida peruana y siempre he vuelto po...,4.0,Como en Lima,4.0
"Buen hotel, instalaciones prácticamente nuevas, habitaciones muy limpias y buen servicio. La comida muy rica y variada, los servicios de la lavandería (pagados)...",4.0,Iberostar Selection Playa Mita,4.5
"Si vas a Vallarta esta excursión no te la puedes perder, tomamos el tour con la empresa Vallarta Adventure, excelente servicio. La isla es maravillosa, y nos so...",5.0,Islas Marietas,4.5
"Si vas a Vallarta esta excursión no te la puedes perder, tomamos el tour con la empresa Vallarta Adventure, excelente servicio. La isla es maravillosa, y nos so...",5.0,Islas Marietas,4.5
"Hicimos Las Marietas con ellos, excelente servicio, buena comida, muy buen estado de los implementos para el kayak, snorquel, etc. Recomendable 100%",5.0,Vallarta Adventures,4.5
"Muy buen hotel, excelente atención,. limpio y muy bien ubicado. Se encuentra a pocos metros de la zona romántica y del malecón. Muy buena referencia precio /cal...",4.0,Catedral Vallarta Boutique Hotel,4.5
"Hermoso lugar para caminar en pareja y muy tranquilo. La zona es de un encanto inigualable, perfecta combinación de tradición y antigüedad en sus calles. La gen...",5.0,Zona Romántica,4.5
"Muy rica la comida, la atención del personal de muy buena. Tiene una muy bella vista al mar, ideal para comer en pareja.",4.0,Barcelona Tapas Puerto Vallarta,4.5
tan sólo llegar a este maravilloso hotel es toda una experiencia. Tomamos un bus desde la Zona Romántica de Vallarta y fue un recorrido de 40 min aprox. pasando...,5.0,Ocean Grill Restaurante & Club de Playa,4.5
