"El lugar es fantástico es como si regresaras al pasado y estuvieras en el viejo oeste, me encanto y mas de noche con sus hermosas luces sin duda es un tesoro es...",5.0,Grapevine Historic Main Street District,4.5
"El acuario es hermoso con variedad de especies tanto acuáticas, como terrestres y aéreas, 100% recomendado para pasar un buen rato en familia y aprender un poco...",5.0,The Dallas World Aquarium,4.5
"Sin duda alguna convivir con las manta rayas es la mejor experiencia, te llevan en un bote en un recorrido de 35 min hacia el fondo del mar donde hay una arena ...",5.0,Stingray City,5.0
"La estructura del hotel es magnifica, tiene un centro comercial con las mejores marcas de ropa, joyeria, etc. El casino esta divino en verdad que este hotel no ...",5.0,The Royal at Atlantis,4.0
"La playa es hermosa el color del mar increible, la playa es gratuita, las olas son fuertes tienes que tener cuidado ya que pegan fuerte y no es muy bueno para n...",5.0,Cabbage Beach,4.0
"Vuelos puntuales, buen servicio, personal amable, snack basico, aviones muy bonitos y suficiente espacio entre asientos sin duda alguno los prefiero mejor a ell...",5.0,American Airlines,3.0
"El lugar esta muy bonito, lleno de arte, el mesero muy amable y muy servicial, la comida es de lo normal esperaba algo mas sobre ella, los platillos muy chicos ...",3.0,Wynwood Kitchen & Bar,4.5
"Excelente lugar para todos aquellos amantes del arte y fotografía, es un lugar lleno de arte al aire libre donde puedes sacar hermosisimas fotografías lo recomi...",5.0,Wynwood Walls,4.5
"Este lugar desde que llegas es hermoso, es un lugar mágico y lleno de atracciones para que disfrutes a lo grande, hace que vuelvas hacer niño de nuevo sin duda ...",5.0,Magic Kingdom,4.5
"Este lugar literal esta en medio de la nada sin duda alguna es una poza hermosa el agua super clara y del un color divino, recomiendo mucho este lugar aparte de...",5.0,Poza Azul,4.5
"un lugar inexplicable, el desierto blanco, este lugar es muy hermoso el cual lo disfrutas cuando te quitas los zapatos ya que la sensación de tu piel con la are...",4.0,Dunas de Yeso,4.5
"Llegamos a ese restauran porque no hay muchos en el lugar, el lugar es pequeño pero bonito, la atención es un poco lenta, la comida muy rica, fuimos antes de la...",4.0,La Casona,2.5
"Hotel hermoso con alberca y las habitaciones sencillas, espaciosas pero bonitas y muy limpias, esta ubicado a una esquina de la plaza principal y el lugar es mu...",5.0,Hotel MARIELENA,4.5
"Excelente lugar en medio de la nada, la comida muy rica y el trato es excelente muy serviciales y atentos sin duda regresaría mil veces a este bar, que hasta ah...",5.0,Cantina el 40,4.5
"un restaurant hermoso, muy elegante, es un restaurant unico porque al momento de esperar para que te pasen a tu mesa si no llevas reservacion en la salita de es...",5.0,La Nacional - San Jeronimo,4.5
"para empezar desde que llegamos nos atendieron de lo mejor, la atencion es muy buena, la comida riquisima, precios justos, lugar perfecto para pasar un noche ag...",5.0,Chuchito Perez,4.0
"este estadio sin duda alguna es el mejor que he visto hasta el dia de hoy, es una maravilla super ambiente, enorme y muy elegante, vivir la experiencia de la nf...",5.0,AT&T Stadium,4.5
"es un zoo muuy bonito, amplio y mucha variedad de especies de animales, tiene muchos baños y bebederos lo que hace el recorrido mas facil cuando vas en familia ...",5.0,Fort Worth Zoo,4.5
"cada vez que visito dallas tx no me puedo ir sin visitar este restaurant es uno de mis preferidos las costillas son las mas deliciosas que he probado, la carne ...",5.0,Bone Daddy's,4.0
esperaba mucho mas de este lugar veo que muchos hablan bien de este lugar pero en lo personal jamas volveria el agua apestaba horrible la playa sucia todo mal o...,1.0,Isla de Coral,4.0
"este punte es de lo mejor te da una vista hermosa a cualquier lado que mires, su estructura es bellizima, tienen que ir y cruzarlo todo es de lo mejor la camin...",5.0,Puente de Brooklyn,4.5
"solo con verlo por fuera basta para que enamore a tu vista, es un estadio muy grande y bonito, la tienda esta increible aunque los precios si son caros pero va...",5.0,Yankee Stadium,4.5
"el lugar es muy bello, pero se siente una tristesa al llegar al lugar y un poco extraño, es todo una mezcla de emociones, muy bonito memorial que realizaron paf...",4.0,World Trade Center Memorial Foundation,5.0
"el lugar es muy pequeño y tiene tremendas filas, pero todo lo compensas con los canolis son una delicia ♥♥",5.0,Carlo's Bakery,3.5
"el ferry esta bonito, lo mejor esque es gratis y tiene una vista muy buena hacia la estatua y la cuidad !!",4.0,Staten Island Ferry,4.5
"hermosos edificios, gente apurada para trabajar el corazon del mundo financiero, el toro muy padre aunque para sacar la mejor foto es dificil porque esta lleno ...",4.0,Wall Street,4.0
"amo la comida italiana y este restaurant tiene la mejor comida, sobre todo la lasagna es tan deliciosa a comparacion de otros restaurantes italianos, la comida ...",5.0,Olive Garden,4.0
"comes muy rico y por un precio muy bajo, me encaanta el restaurant muy autentico como en las peliculas, los waffles son una delicia y la atencion es buena, solo...",4.0,Waffle House,4.5
"me ecanta iir de compras a este mall ya que tiene de todo no le hace falta nada ahi siempre consigo todo lo que necesito, es muy bonito y muy grande",4.0,Grapevine Mills,4.0
la verdad no vuelvo a reservar en este hotel el dia que llegamos a ny nuestro check in era a las 3:00pm llegamos temprano para registrarnos y hacer todo con tie...,1.0,Holiday Inn Express Manhattan Times Square South,4.0
"me encanto este lugar riquisima la comida y el servicio super atentos y amables desde que te reciben, los platillos son una delicia junto con los postres sin du...",4.0,Red Lobster,4.0
"el lugar muy bonito, los platillos caros y muy excasos de comida, fallta mas atencion del personal para mi gusto no volveria a este resturant",3.0,Mandarina's Cafe,3.5
"nuestro destino era NY y teniamos que hacer conexcion en houston donde perdimos el vuelo por la tardansa de imigracion, total fuimos a servicio a cliente de est...",3.0,United Airlines,3.0
"Estuve 4 dias hospedada y la verdad super recomiendo este hotel, desde que te reciben son super amables y atentos los chicos hablan muy bien el español, me enam...",5.0,Holiday Inn Manhattan 6th Ave - Chelsea,3.5
sobrepaso mis expectativas es super grande y muy hermoso mas cuando lo cubre la nieve sin duda alguna tienen que conocerlo ♥,5.0,Central Park,4.5
"sin duda alguna es una belleza por dentro, las pinturas que tiene el techo son muy hermosas y esa bandera de estados unidos colocada adentro de la central le da...",5.0,Grand Central Terminal,4.5
"time square es tan brillante de noche todas esas pantallas esos edificios es una maravilla, tienen que conocerlo",5.0,Times Square,4.5
para mi es un hotel muy bonito y el lugar perfecto para descansar y vacacionar el servicio por parte del hotel es excelente el trato de cada una de las persona ...,5.0,Real Playa del Carmen,3.5
