"Está en el centro muy, las camas son muy cómodas. El personal es muy atento y amable. Definitivamente regresare ya sea de negocios o viaje familiar, que espero ...",5.0,Vista Express Morelia,3.5
"De entrada el servicio y la atención son excelentes y eso le da un plus muy importante al menos para mi, la cabaña en la que me hospede es la suite para dos per...",5.0,Cabanas El Estribo Hotel,4.0
"Me gusto mucho es antiguo el hotel, pero tiene todas las amenidades principales, AC,TV, muy limpio, las habitaciones son pequeñas pero comodas, a mi me toco una...",4.0,Hotel Casa Doña Susana,4.0
"No me gusto la comida, en si la variedad no era mucha si estas hospedado todo incluido, buena calidad en los alimentos pero sin mucha variedad",4.0,Los Arcos,4.5
"sugiero que tomen el tour con vallarta adventures, aunque es mas caro que los demas, pero la comida es mucho mejor y el catamaran mas rapido, yo tome el otro to...",5.0,Islas Marietas,4.5
"Un poco elevados los precios pero aun asi lo recomiendo mucho, es muy buena la comida y fresca. La atencion es muy buena y la comida simplemente esta riquisima",5.0,La Langosta Feliz,4.5
"Me gusto todo es excelente la comida y a muy buen precio. Todo muy fresco, lo unico malo es que no esta centrico, pero cualquier taxi te lleva",5.0,Mariscos El Veneno Puerto Vallarta,4.5
"Esta excelente, ya había tenido la oportunidad de visitarlas hace un año con otra operadora de tours, pero la comida era malisima y el catamaran muy lento, ahí ...",5.0,Vallarta Adventures,4.5
"Para caminar y distraerse, de la playa en la noche hay muchos puestos y hay un anfiteatro al aire libre en el cual hacen algunas obras y shows calljeros.",4.0,Zona Romántica,4.5
