"Es un lugar hermoso para reflexionar y para admirar, pueder estar ahí desde unos minutos hasta un par de horas, de acuerdo a tu interés, el Santuario es simplem...",5.0,Santuario de la Virgen de Schoenstatt,4.5
"Uno de los íconos sin duda alguna es visitar El acueducto , que tanto en el día como por la noche es hermoso, además ahora hay una explanada justo frente al acu...",5.0,El Acueducto De Queretaro,4.5
"Tomar un tiempo para deleitar un café, comer o cenar es una buena decisión ya que es un lugar de tradición en Zacatecas, la comida buena , el servicio muy rápid...",5.0,Acropolis Café-Restaurante,4.0
"Estuvimos para la cena, previo reservar, esto es muy importante porque el lugar es muy pequeño y si no tienes reservación debes esperar afuera en caso de alguna...",5.0,Los Dorados de Villa,4.0
"es pequeño, pero en verdad muy hermoso con sus estalactitas y la luz que emana del exterior y se refleja en el agua hace de este cenote uno de mis preferidos.",5.0,Cenote X'Keken,4.5
"Es una plaza muy hermosa, puedes recorrerla por la mañana, tarde o noche tranquilamente y disfrutar este hermoso pueblo mágico",5.0,Plaza e Parque Francisco Canton,4.0
"Valladolid es un pueblo mágico, de por sí hermoso , y sus calles muy pintorescas, sin embargo esta calzada es especial, debes conocerla y caminar por ella.",5.0,Calzada de los Frailes,4.5
"Es una catedral muy sencilla en su arquitectura, pero muy hermosa, es un lugar que estando en Valladolid, no puede pasar desapercibida visitarla.",5.0,Catedral de San Servasio,4.0
"Este cenote está dentro de la Hacienda Selva maya, muy cerca de Valladolid, solo conocerlo cobran $80 pero si decides el paquete que incluye la comida buffet es...",5.0,Cenote Saamal,4.5
"En Valladolid este convento es una joya histórica, lo mantienen en excelentes condiciones, tanto el edificio como los alrededores,y diariamente no debes perdert...",5.0,Convento de San Bernardino de Siena,4.0
"Es un cenote pequeño, pero en verdad hermoso, es una gruta oscura que solo tiene un orificio que dá a la superficie y entra luz que se refleja en el agua de man...",5.0,Cenote Xkeken,4.5
"Este cenote es pequeño, se ingresa por una escaleras y solo existe un orificio por donde ingresa la luz, es decir, es como una caverna, muy bonito porque al pas...",5.0,Cenote Samula,4.5
"Es un cenote muy grande, y muy fácil de accesar ya que está en pleno centro, el costo es de $30 con un horario de 9 am a 5 pm, es muy grande y hermoso, el agua...",5.0,Cenote Zaci,4.5
"Es un lugar muy bonito que tiene un cenote muy grande y espectacular llamado Saamala, que lo mantienen en perfectas condiciones, el acceso solo al cenote cuesta...",5.0,Hacienda Selva Maya,4.5
"Es un hotel sencillo , pero con todo lo necesario para estancias cortas, limpio y con lo necesario, con buena ubicación y el desayuno caliente es una buena opci...",5.0,One Cancun Centro,4.0
"Es pequeño el malecón pero está muy bien conservado, y tiene una vista muy bonita de Topolobampo, tambien se puede recorrer y al final disfrutar de unos buenos ...",5.0,El Malecón de Topolobampo,4.0
"Indispensable ir a este Parque en Barrancas del Cobre,las vistas desde cualquier punto son increíbles, hay muchas opciones, recorrer sus miradores, tomar las ti...",5.0,Parque de Aventura Barrancas del Cobre,4.5
"Es un hotel muy bien ubicado, pues se llega caminando de la estación del Chepe, es muy pequeñito, las habitaciones pequeñas pero limpias y con lo indispensable,...",4.0,Hotel La Estacion,4.0
"El hotel es muy grande, cuenta con algo así como 80 habitaciones sin embargo las habitaciones que dán a la ladera, son amplias y tienen un buen calefactor de ga...",3.0,Hotel Mansión Tarahumara,3.5
"Es un museo con mucha información historica del lugar, bien distribuida en diferentes salas que lo hacen ameno, cobran $20.00 y vale mucho la pena visitarlo, de...",5.0,Museo Fuerte Mirador,4.0
