desconocido,40.4,Arraial d'Ajuda,40.4
desconocido,40.4,No obtenido,
desconocido,40.4,Cartagena,40.4
desconocido,40.4,Porto de Galinhas,40.4
desconocido,40.4,Porto de Galinhas,40.4
desconocido,40.4,Porto de Galinhas,40.4
desconocido,40.4,Porto de Galinhas,40.4
desconocido,40.4,Porto de Galinhas,40.4
desconocido,40.4,Porto de Galinhas,40.4
desconocido,40.4,Porto de Galinhas,40.4
desconocido,40.4,Porto de Galinhas,40.4
desconocido,40.4,Porto de Galinhas,40.4
desconocido,40.4,Porto de Galinhas,40.4
desconocido,40.4,Porto de Galinhas,40.4
desconocido,40.4,Porto de Galinhas,40.4
desconocido,40.4,Porto de Galinhas,40.4
desconocido,40.4,Porto de Galinhas,40.4
desconocido,40.4,Porto de Galinhas,40.4
desconocido,40.4,Porto de Galinhas,40.4
desconocido,40.4,Porto de Galinhas,40.4
desconocido,40.4,Porto de Galinhas,40.4
desconocido,40.4,Porto de Galinhas,40.4
desconocido,40.4,Porto de Galinhas,40.4
desconocido,40.4,Porto de Galinhas,40.4
desconocido,40.4,Porto de Galinhas,40.4
desconocido,40.4,Porto de Galinhas,40.4
desconocido,40.4,Porto de Galinhas,40.4
desconocido,40.4,Porto de Galinhas,40.4
desconocido,40.4,Porto de Galinhas,40.4
desconocido,40.4,Porto de Galinhas,40.4
desconocido,40.4,Porto de Galinhas,40.4
desconocido,40.4,Porto de Galinhas,40.4
desconocido,40.4,Porto de Galinhas,40.4
desconocido,40.4,Porto de Galinhas,40.4
desconocido,40.4,Porto de Galinhas,40.4
desconocido,40.4,Porto de Galinhas,40.4
desconocido,40.4,Porto de Galinhas,40.4
desconocido,40.4,Porto de Galinhas,40.4
desconocido,40.4,Porto de Galinhas,40.4
desconocido,40.4,Porto de Galinhas,40.4
desconocido,40.4,Porto de Galinhas,40.4
desconocido,40.4,Porto de Galinhas,40.4
desconocido,40.4,Porto de Galinhas,40.4
desconocido,40.4,Porto de Galinhas,40.4
desconocido,40.4,Porto de Galinhas,40.4
desconocido,40.4,Porto de Galinhas,40.4
desconocido,40.4,Porto de Galinhas,40.4
desconocido,40.4,Porto de Galinhas,40.4
desconocido,40.4,Porto de Galinhas,40.4
desconocido,40.4,Porto de Galinhas,40.4
desconocido,40.4,Porto de Galinhas,40.4
desconocido,40.4,Porto de Galinhas,40.4
"El centro tiene ésa mezcla entre lo azteca y lo moderno de las esculturas, siempre enmarcadas por una costanera vistosa y el olor al mar que inunda los rincones...",5.0,El Centro,4.5
"Estuvo muy bueno ,bien explicado ameno y salpicado de anécdotas el tour por Sevilla. La guía Lupe muy bien preparada y con muchísimo humor y energía.",4.0,Feel The City Tours,4.5
Son ése tipo de aventura que n puedes dejar de hacer. Fuimos con Discovery muy bien atendidos y divertidos . No solo nos sentimos cuidados debajo del barco sino...,5.0,Islas Marietas,4.5
"Linda caminata donde se pueden tomar excelentes fotografías , un consejo? hacerlo al atardecer! hace menos calor y son soñadas las fotografías que se pueden tom...",4.0,Malecón Boardwalk,4.5
"Estuvimos 7 días espectaculares en el Costa Sur . La habitación agradable con vista al mar súper amplia y bien refrigerada. El personal cálido, atento , con tod...",5.0,Costa Sur Resort & Spa,4.0
Atardeceres soñados. Hay restaurantes muy costosos y otros no tanto. Recorrer por toda la costanera. Las esculturas llevan su premio aparte!,4.0,Zona Romántica,4.5
desconocido,40.4,Playa del Carmen,40.4
Un lugar con magia enmarcada en un paisaje serrano inigualable. Una de las capillas mas añejas de córdoba. Vale la pena verla,4.0,Capilla Nuestra Señora del Rosario,4.5
"Es desenchufarte absolutamente de todo ingresar en éste paraje. Todo es recomendable partiendo de las puestas de sol que son innarrables. Ideal para caminatas, ...",5.0,Laguna Mar Chiquita,4.0
"Nada debe asemejarse al salar más grande del mundo , es casí místico estar allí, caminar por sus exágonos , escuchar el crugir de la sal y a la vez ver ,los ves...",5.0,Salar de Uyuni,5.0
