"El tour en si mismo no habria sido tan bueno sin la disposicion, la alegría y la buena vibra de todos los guias; los mexicanos nos pintamos solos para hacer de ...",5.0,Ruta Huasteca Expediciones,5.0
"Había leído ciertos comentarios negativos pero a mí me pareció una experiencia muy agradable, obviamente el tour es en inglés, las chicas que dirigieron el tour...",4.0,The Ride,4.0
"No tiene comparación la vista que te brinda el lugar, todo esta bien cuidado aunque deberían controlar el flujo de gente hacia la isla. Como siempre lugares má...",5.0,Islas Marietas,4.5
"En verdad que mi instructor fue muy paciente en nuestra clase, dándonos indicaciones para mejorar en cada ola; al final del día logre pararme en la tabla y eso ...",5.0,Lunazul Surf School and Shop,5.0
"Está playa es genial, versátil, para compartir con los amigos, familia o con tu pareja. Aunque deben empezar a cuidar la linoieza en la misma.",4.0,Sayulita Beach,4.0
"Ideal para compartir con los amigos, buenas porciones en los platillos, además de buen sabor que va ligado a un precio justo. Con una vista espectacular!!",4.0,Don Pedro's Restaurant & Bar,4.0
