"La comida si me deja un poco a desear por la relación calidad precio en Tepic pero el servicio es muy bueno además de que el lugar es hermoso, lo recomiendo tot...",4.0,EMILIANO COMIDA Y VINO,4.5
all the food is really good and the Clay is really friendly he lived in Thailand so you know that legit good thai food and the prices are really good. Also goo...,5.0,Clay's Curry House,5.0
Si eres un gordo y quieres pagar un precio justo por bastante comida entonces este lugar es para ti ya que las ordenes viene muy bien servidas en especial los b...,5.0,Emilianos,4.0
"Siendo un lugar de playa hay muchas opciones para comer mariscos, pero barracuda se lleva el lead de todos; además de ser un lugar muy limpio ya que tiene mesas...",5.0,Barracuda,4.5
just in the middle of town next to the beach you can find great vegetarian options. For being fast food the have the best sandwich on town and you have the opti...,5.0,Rubens Restaurant,4.5
tiene muy buenos precios y ambiente solo que está muy saturado y las bebidas preparadas no son tan buenas en cuanto a la relación calidad precio a comparación d...,3.0,BAR DON PATO,4.5
The best fine organic dinning in town they have so many options all italian and very tasty the even use brown sugar for their drinks and have bamboo zips instad...,5.0,'Ino Laboratorio Gastronomico,4.5
If you are craving some kinda healthy fast food option this is the main place you have the option to have either french fries or a little salad with your sandwi...,5.0,Rueben's Deli,4.5
"The owner is always around the place talking to people and just making your visit super confortable, the drinks are amazing so is the food but the place and the...",5.0,Aaleyah's Nachos & Wings,4.5
"Uno de mis lugares favoritos de Puerto Vallarta eh ido en varias ocasiones es un lugar en el que se detiene el tiempo ye te lleva a otra época ""los 60"" siendo m...",5.0,Mr Dz's Route 66,4.0
Generalmente durante las tardes hay diferentes actividades ya sea música en vivo o bailes tradiocnlaes el clásico mariachi de Jalisco con diferentes expoenentes...,5.0,Plaza de las Armas,4.5
Is so colorfull and variouse options to eat or just to have a drink and a really good talk especially during the evening were the lights of the diferent restaur...,5.0,Zona Romántica,4.5
"Besides the good view you get being there you have acces to bars, restaurants, hostels and night clubs basically enaything you can ask for is just in walking di...",4.0,Malecón Boardwalk,4.5
"Is basically at downtown and theres a lot of caffe shops arround the area. Just guetting to place you can feel all the good vibes on the air, It´s also a good p...",5.0,Los Muertos Pier,4.5
"Me and some co-workers stop by to have some pizza and I got surprise due to I wasn´t expecting this to be so dam good, the sauce and the cheese selection the br...",5.0,Mama Rita's Pizzeria,4.5
"además de tener mariscos con el mejor sabor y sazón ( estilo Nayarit) hay muy buen ambiente, micheladas deliciosas y pescado zarandeado que no encontraran en ot...",5.0,Sayulita,5.0
Tenía altas espectativas de este lugar la comida necesita más presentación.... Para el tipo de lugar deberían tener una mejor presentación pero las chocobananas...,3.0,ChocoBanana,4.5
"Una amplia variedad de sabores en helados, paletas y aguas frescas. El servicio es super rápido todos son muy amables y los precios moderados . RECOMIENDO EL HE...",5.0,Wakika Heladeria,4.5
Hablo por los tacos de pastor... Son los mejores que he probado en toda mi vida; los precios están altos si es verdad pero la espera y el precio vale la pena al...,5.0,Tacos EL Tal,4.5
Tacos de una variedad de guisos con un muy sazón que te recuerda a casa además que las porciones son generosas,5.0,Naty's Cocina,4.5
