"Si bien es un lugar donde no se puede desembarcar por ser reserva natural, vale la pena visitarlas y realizar las actividades acuáticas que se proponen así como...",4.0,Islas Marietas,4.5
Es un muy lindo lugar con sus cocoteros desde donde se ve buena parte de la Bahía de banderas. En su recorridos se encuentran locales comerciales y una serie de...,4.0,Malecón Boardwalk,4.5
"Si bien no me iba a hospedar en el centro, previo a mi viaje estuve buscando actividades para realizar. Una opción para conocer el centro histórico es a través ...",4.0,El Centro,4.5
"Si vas a conocer el centro histórico, es uno de los lugares de la foto obligada con uno de los símbolos que tiene Puerto Vallarta.",3.0,Caballito,4.5
"Realice con Vallarta adventures la excursión a las islas Marietas. Si bien comienza a la manana muy temprano con un desayuno buffet, vale la pena madrugar si te...",4.0,Vallarta Adventures,4.5
"Quede encantada con este hotel. En la recepción muy amables, contestaron nuestras consultas. Nos toco una habitación suite muy linda. Si bien no pudimos cenar e...",5.0,Hotel Riu Vallarta,4.0
"Lugar en donde se disfruta de las maravillas de la fauna del lugar. A pesar de lo muy nublado y frío que estaba ese día, FUE UNA MARAVILLA",5.0,Playa La Cantera,4.5
Para mi solo un centro de interpretación mas. La mayor atracción: sacarse la foto con el esqueleto de la ballena. Tal vez si un buen interprete explicara algo e...,3.0,Centro De Visitantes Istmo Ameghino,4.0
Hace mucho tenia ganas de visitarlo y quede muy a gusto. Es un recorrido retrospectivo de 1 h en donde se pueden ver replicas y originales de piezas paleográfic...,4.0,Museo Paleontologico Egidio Feruglio,4.5
"Ubicado en pleno centro frente al mar, cerca de todos los comercios y con una muy linda vista al mar. Las habitaciones son bastante amplias y el desayuno bufet ...",4.0,Hotel Peninsula Valdes,4.0
"Para conocer un poco de sus hábitos y comportamiento. Al final del sendero, ademas, se tiene una muy linda vista.",4.0,Punta Tombo,4.5
"Llamado ""el palacio"" este chalet, de principios del 1900, alberga un museo bien armado donde las distintas plantas nos van llevando por la historia y los avance...",4.0,Museo Provincial de Ciencias Naturales y Oceanográfico,4.5
El estilo gales esta bastante perdido. Igualmente hay lugares donde se puede aprender de la historia y costumbres de los habitantes galeses.,3.0,Pueblo de Gaiman,4.0
Desde muy pequeña pasaba por la puerta de esta esquina emblematica de la ciudad pero recien despues de muchos años tuve la oportunidad de entrar y cenar. Buena ...,4.0,Esquina Homero Manzi,4.5
"La ímponencia de los glaciares es indescriptible. Vale la pena pararse en los balcones frente al Perito Moreno a esperar ver algun rompimiento, aunque sea peque...",4.0,Perito Moreno Glacier,5.0
"Una buena opcion tanto por su calidad de atencion, servicio y comida. Se destacan los platos tipicos españoles y que las porciones no son escasas.",4.0,Carmen,4.0
"Buen ambiente, comida muy rica y abundante. Si se busca precio es una de las mejores opciones que se encuentran. 100% recomendable.",4.0,Pura Vida Resto Bar,4.5
Lindo y amplio lugar donde poder comer. Buena recepción con esa amabilidad que caracteriza a los mejicanos. Impresionante la capilla que tienen.,4.0,La Casona de Valladolid by Xcaret,4.5
"Todo Yucatan esta poblado de xenotes, pero este en particular es impresionante (al menos de los que visite), un encuentro con la naturaleza. No pude zambullirme...",5.0,Cenonte Ik Kil,4.5
"Se destaca la amabilidad de todos sus empleados. Playa, pileta, actividades recreativas, shows para todos los gustos. Variedad de sabrosas comidas. Lo que se p...",4.0,Occidental Tucancun,4.0
