"Gran ubicacion en la zona de Polanco, la estancia en su piso ejecutivo se disfruta al maximo, y mi familia quedo encantada con los desayunos y cenas que son un ...",5.0,InterContinental Presidente Mexico City,4.5
"Sorprende lo bien cuidado de sus instalaciones, que contagian y hacen sentir la historia de nuestro Mexico. Al caminar por cada rincon, vuela la imaginacion de ...",4.0,Castillo de Chapultepec,4.5
"Hotel familiar, en buen estado ha pesar de sus +20 anios, con personal muy agradable, en todas las areas. Recomiendo la Torre Tikal, pisos 6 al 8, con vista al ...",4.0,Paradise Village Beach Resort & Spa,4.0
"Agradable lugar, bien ubicado para disfrutar Tacos al regreso de los viajes en la entrada a Nuevo Vallarta. Los tacos de trompo y los de gringa tienen buen sabo...",3.0,Tacos Break,4.5
"Si quieres cargar bateria para iniciar el dia este es el lugar, el cual esta bien ubicado con personal muy amable y atento. Los chilaquiles con pollo o huevo ti...",5.0,Fredys Tucan,4.5
"100% vale la pena, y si traes auto, es mejor salir de Punta de Mita, contratando una lancha privada sin son mas de 4, aun costo de $2,000.00 por un tour de 2 h...",5.0,Islas Marietas,4.5
"100% vale la pena, y si traes auto, es mejor salir de Punta de Mita, contratando una lancha privada sin son mas de 4, aun costo de $2,000.00 por un tour de 2 h...",5.0,Islas Marietas,4.5
"De las joyas gastronomicas que hay que buscar y visitar en Puerto Vallarta, sencillez y sabor con esmerado enfoque. Nos gustaron los Camarones al Coco y los Mar...",5.0,Chenandos Restaurant,5.0
"El ocaso del dia se disfruta de manera especial, y te invita a disfrutar la vida al maximo. La parte norte ( Malecon 2 ) tiene una mejor vista.",5.0,Malecón Boardwalk,4.5
"Las vistas que tienes de la Bahia desde la parte superior son increibles en ambas direcciones, y las fotografias salen muy padres en los atardeceres. Vale la pe...",4.0,Playa Destiladeras,4.5
"Vale la pena salir de Punta de Mita, y si van +4 personas es mejor en lancha privada y no compartida, ya que el costo es de $2,000 Pesos y si fuera compratida e...",5.0,Islas Marietas,4.5
"Vale la pena salir de Punta de Mita, y si van +4 personas es mejor en lancha privada y no compartida, ya que el costo es de $2,000 Pesos y si fuera compratida e...",5.0,Islas Marietas,4.5
"Que la ubicacion no te sorprenda, visitarlo es obligado. Fuimos a cenar en famiila, despues de recorrer el malecon, y ya estabamos desistiendo de ir, y creanlo,...",5.0,Bravos Restaurant Bar,5.0
