"Estuve de vacaciones 7 días en Perú, alojándome la última noche aquí. La reserva estaba hecha con meses de anticipación. Sin embargo, al llegar nos dicen que hu...",1.0,Inka's Tambo Hotel,3.0
En mis vacaciones por Perú hicimos la reserva para este restaurante. Fuimos a cenar y nos gustó tanto que al día siguiente decidimos volver y almorzar. Buena ...,5.0,Chicha por Gaston Acurio,4.0
"Es mi primera vez en Aguas Calientes, y buscando un lugar para cenar, en la calle nos recepciona Jonathan, muy amable y atento, nos explica y entrega la confian...",5.0,Alpakitay resto-bar,4.5
"Tomamos el Tour ""Lima de Noche+Fuentes de Lima"" y efectivamente se pierde mucho tiempo en el tráfico, la guia no entrega mucha información en el camino, sin gan...",1.0,Turibus,3.0
El circuito es hermoso y el espectáculo de gran calidad. La entrada al circuito tiene un valor accesible... 4 soles aprox. Lamentablemente mi ingreso lo gestion...,5.0,Circuito Mágico Del Agua,4.5
"Pros: Le temo un poco a este tipo de comidas, sin embargo, me encantó. Probé 4 platos y me gustaron todos. Contras: si exiges atención y un lugar lindo no venga...",4.0,Ram Salaam,4.0
Fuimos a almorzar con unas compañera a la hora de colación. Pedimos menú y la comida demoró una hora en llegar... la espera no valió la pena. Dejo las fotos.,2.0,La Luna Restaurant,4.0
"El lugar es agradable, la atención es buena y los platos deliciosos. Totalmente recomendable. No es la opción más económica, sin embargo, los precios están acor...",5.0,P.F. Chang's,3.5
"Hemos venido a almorzar más de tres veces en la ventana que tenemos de una jornada de estudios. Por lo que la atención es rápida, muy atentos la y los garzones,...",5.0,Mi Cevichazo,4.0
"Los platos son normales, fea presentación. Al ofrecer lomo no preguntaron el tipo de cocción. Esperaba más.",2.0,Brocolino Restaurante,4.0
Excelen lugar para los fanático s de las compras. No me atrevo a decir que hay de todo pero debes tener un dia completo si quieres vitriniar todas las tiendas.,4.0,Costanera Center,4.5
"Excelente atención... la comida rica... contundente... por lo menos las pastas, que fue lo que probé.",4.0,Applebee's,3.5
"El hotel es muy espacioso y posee todo lo necesario para unas vacaciones en las que puedas descansar y/o divertirte. Ofrece diversos servicios, incluyendo activ...",5.0,Barcelo Puerto Vallarta,4.0
"Es un hermoso sitio para recorrer y conocer los alrededores de Puerto Vallarta. Hay varios sitios para comprar regalos y recuerdos, pero ojo, hay que ver bien l...",5.0,Los Muertos Pier,4.5
"A lo largo de la costanera se puede apreciar, además del caballito. una serie de estatuas. En la noche se aprecian con una hermosa iluminación lo que hace que s...",4.0,Caballito,4.5
"Vallarta Adventures ofrece diversas actividades para entretenerse. Ideal para distraerse y tener aventuras. Desde paseos guiados a nado con delfines, diversas a...",5.0,Vallarta Adventures,4.5
Conocí las Islas Marietas por medio de Vallarta Adventures. En grupo fuimos emprendiendo la aventura. El equipo es muy amable y nos dispuso a la aventura. Tuvim...,4.0,Islas Marietas,4.5
Sin duda un lugar para pasear tranquilamente maravillándose de la cultura y paisaje de la ciudad. Muy tranquilo para descanzar.,5.0,Malecón Boardwalk,4.5
"Es maravilloso recorrer las calles de la ciudad, apreciando la arquitectura. Es muy tranquila y encuentras de todo al pasear.",5.0,Viejo Vallarta,4.5
"El recorrido por el zoológico está bien diseñado, realizando un circuito en el que puedes ver los distintos animales y puedes interactuar con algunos de ellos, ...",4.0,Zoológico de Vallarta,4.0
