"Un hotel ubicado a 20min Guanajuato y a 5min del aeropuerto, ya sea de negocios o placer tiene buena ubicación, muy nuevo, limpio y el personal siempre atento; ...",4.0,City Express Silao Aeropuerto,3.5
"Un hotel que cumple con las funciones de pasar una noche, habitaciones decentes y limpias, las toallas ya muy viejas, sin embargo por el precio no esperes ameni...",3.0,Meson de la Merced,3.5
Un lugar excelente para un dulce antojo!! Desde churros con diferentes toppings hasta gran variedad de crepas...definitivamente tienes que probar la de Smoores!...,5.0,Patio C,5.0
"Una experiencia sumamente grata, desde la recomendación de los platillos y el vino hasta el ambiente del lugar, simplemente algo que esperas de un lugar así!! A...",5.0,Indochine,4.5
"Negocios o placer este hotel tiene la ubicación perfecta si necesitas estar en la zona de reforma, fácil acceso a zonas cercanas, además las instalaciones de lo...",5.0,Barceló México Reforma,4.5
"La calidez muy al estilo del hotel W te hace pasar una estancia agradable y sin preocupaciones, sus instalaciones únicas, su decoración en áreas generales y hab...",5.0,W Mexico City,4.0
"Si eres de los que te encantan las garnachas pero no estás seguro a donde llegar, esta franquicia te encantará, mantiene los sabores de estas comidas con gran c...",5.0,La Casa de Tono,4.5
"Una avenida que definitivamente debes caminar, encontrarás museos, monumentos históricos, tiendas de todos los niveles al igual que los restaurantes, puestos ga...",5.0,Paseo de la Reforma,4.5
"Un lugar simplemente de gran calidad y servicio, algo que puedes esperar por sus precios, no te defraudará el platillo que pidas, imperdonable no probar sus pas...",5.0,Cipriani Mexico City,4.0
"Un lugar increíble con gran variedad de platillos asiáticos, sabor distintivo y sobresaliente, definitivamente uno de mis lugares favoritos de este tipo de alim...",5.0,Mog Bistro,4.5
"Helados naturales con ingredientes frescos, todos sus sabores son hechos diariamente con combinaciones realmente sorprendentes!! No puedes dejar pasar este luga...",5.0,Bobboi Natural Gelato,5.0
"Lugar perfecto para pasar un tiempo en familia, juegos y mar!! Una combinación ideal para que los niños puedan disfrutar de un muy buen momento!!",5.0,La Jolla Shores Park,4.5
"Con el toque característico que encuentras en este platillo este lugar definitivamente es para no dejar pasar, aún cuando tienen solo 4 variedades, puedes crear...",5.0,Tajima Ramen East Village,4.5
"Paseo para caminar y distraer muy al estilo mexicano, desde restaurantes hasta cualquier tipo de artesanía mexicana!",3.0,Old Town San Diego State Historic Park,4.5
"Tuve la oportunidad de hospedarme en la suite grand chimenea y es una habitación muy amplia, aproximadamente 60m2, está equipada con las necesidades básicas, sa...",4.0,Horton Grand Hotel,4.0
desconocido,4.5,D'Lox,4.5
"Siempre que tengo oportunidad hago parada en este sitio. Es un pequeño lugar en El Paso con variedad y gran calidad en los alimentos, desde mariscos, tacos, ham...",5.0,Basico Bistro Cafe,4.0
"Este hotel te ofrece todo lo necesario para que goces del comfort, diversión y descanso en sus instalaciones y su gran servicio del personal! Desde su club de p...",5.0,El Cid Marina Beach Hotel,4.5
"Este lugar a venido ganando popularidad año con año, manteniendo su calidez y comida simple pero con su toque particular, desde un delicioso pescado zarandeado ...",5.0,Mariscos El Cuchupetas,4.5
"Para comenzar un lugar lleno de historia que mantiene todavía algunos matices de lo que fue Compañía Minera de Pánuco, el patio fue diseñado para albergar a sus...",5.0,El Presidio Cocina de México,4.5
