With cozy tables next to their little Asian garden you can enjoy a tasty meal from a very large menu with loads of vegetarian options. Feels like fine dining bu...,5.0,Maison Umami,4.5
"Pulled pork burger is amazing. Perfect balance of sweet and spicy. Service is quite slow, but it's truly worth the wait. The chef is the happiest of the staff a...",5.0,Dapper,4.0
We waited over an hour to be seated but the food was delicious. They have a short menu full with original dishes and a few specials that change frequently but y...,5.0,Little Collins,4.5
I had been in NY a few times and never thought of putting this place on my list of things to do. After walking in front of it I decided to walk inside. This is ...,5.0,New York Public Library,4.5
"A black door with a tiny sign takes you to a basement full of people. You can wait at the bar while a table is free. You'll be standing, but it'll be worth it o...",5.0,Izakaya MEW,4.5
"No matter the season, or where in the park you are, there's always something to see. I stroll around Central Park every time I'm in New York. From discovering n...",5.0,Central Park,4.5
"A friend and I visited Baut as part of Ketel One's Let's do brunch monthly events. Experience was great. Food was really good, the top floor of the restaurant h...",5.0,Bar Baut,4.5
"Unsure about eating soup for dinner? Momosan will prove you wrong. Ramen has never been so good. From renowned chef Morimoto, this is a place you don't want to ...",5.0,Momosan Ramen & Sake,4.5
"I was here as a surprise for my birthday. I always liked the building from outside, but being inside was even more beautiful than I expected. It is absolutely b...",5.0,Concertgebouw,5.0
"We were here for dinner, which in the middle of summer means mosquitoes. We were seating outside next to the lake, which meant more mosquitoes. We were starting...",4.0,Ristorante Imbarcadero,4.0
"I've never found friendlier staff in Holland. Waiters were happy and friendly, and very accommodating. I was with a large group and though the restaurant was fu...",4.0,Cafe Colette,4.0
The last flight I took with Transavia was quite out of the ordinary. That night as we flew to Amsterdam the game for the Europa League championship was being pl...,4.0,Transavia,3.5
"You will not find more value for your money at the 9 Streets than this little Italian restaurant. If you're short on cash, this is a perfect spot to stop for gr...",5.0,Assaggio,4.5
"I am not Van Gogh's biggest fan, he's not even my favorite painter; but this museum is a must. It's filled with interactive things to do, and Fridays after 7 th...",5.0,Museo Van Gogh,4.5
"This is clearly a place for local hipsters working nearby. Entering at lunchtime with my mother during a weekday attracted many odd stares from the local crowd,...",5.0,Brix,4.0
"We went in for the location, would definitely go back for the food. We didn't expect much more than fries, snacks and beer, but were greatly surprised to find a...",5.0,Het Goudkantoor,4.0
"You might not expect a romantic ambiance at a café, but we had the most delicious and romantic 4 course dinner overlooking the main square in Groningen. Fantast...",5.0,Cafe Hooghoudt,4.0
"My mom is vegan for health reasons and it's always a struggle to find vegan dishes. The menu here is extensive with many vegetarian, vegan and dairy-product fre...",5.0,La Buena Tierra Condesa,3.5
"After hearing a lot about this zoo before going my expectations were quite high. The polar bears are awesome, especially seeing polar bear cubs is fantastic. Be...",3.0,Ouwehands Zoo Rhenen,4.0
"Best Mexican food outside Mexico. Trust me, I'm Mexican. Every time I go to a restaurant that calls itself Mexican outside Mexico I am greatly disappointed to s...",5.0,Los Pilones Taqueria (Nieuwmarkt),4.0
This tiny restaurant was a lucky find as we walked around Madrid looking for affordable lunch. The value for the price you get here couldn't be better. The dail...,5.0,Emma Cocina,4.5
"It is no coincidence this place is called the favorite. I assure you after you eat there, it will be your favorite too. This award winning place is divided into...",5.0,La Favorita Taberna Urbana,4.0
"At this place you can find a relaxed terrace with a view of the river, on very comfortable couches or you can go inside to one of the 3 floors and find an amazi...",4.0,Cantina,3.5
This is definitely a must-see as it is a gorgeous natural location. You should however not expect it to be as deserted as in the pictures you will find online a...,4.0,Islas Marietas,4.5
"If you're near this place, don't miss it. The place is beautiful and the food is amazing. I loved everything about it! If you want traditional food from Oaxaca ...",5.0,Yuban,4.5
"I was here for the last weekend the park was open and it is definitely a must-see. I had no idea there were so many types of tulips, colors and styles and sizes...",5.0,Keukenhof (Jardín de la Cocina),4.5
If you like italian-style ice-cream you must visit this place in the center of Wageningen. Delicious!! I'm super picky with ice-cream but this place surpassed m...,5.0,IJssalon Cicuto,4.5
"Filled with gorgeous peacocks that just walk around the park, this park offers a great view if you love birds and a sanctuary away from the heat in Valladolid. ...",4.0,Parque Campo Grande,4.5
The hardest thing about eating here is wanting to having to try everything and not being able to. The Paris bread (brie and honey) is absolutely delicious. My m...,5.0,NIZA,4.5
"If you want a winery tour, there's many to choose from in this region. Abadía Retuerta offers large vineyards to look at and a historic building full with pric...",5.0,Bodega Abadía Retuerta,4.5
If you don't know what to order take the sampling menu. If you're a wine connoisseur you'll have no problem finding a wine you'll love; if you're not just ask t...,5.0,Restaurante Vinoteca,4.5
"We had a goat cheese salad and plate of iberic ham and cheese. Everything was really good. I can't say much about their cooking as we only had a salad, but defi...",4.0,La Morcilla Restaurante & Tapas,3.5
"If you're looking for a very relaxed breakfast (not open later) this is your place. The waiters are extremely slow, so be sure to not come in in a hurry. If you...",4.0,Casa de Campo.,4.0
"The food is delicious, served way more than plenty, even the Medium portions. The service is incredibly good. Super kind waiters.",4.0,Olive Garden,4.0
"Maque has their own bakery, so freshly baked bread is the perfect starter. After the delicious bread, you can pick something from their very large menu of omele...",4.0,Maque,4.0
"We went here for breakfast. All the dishes on the menu look delicious. Fantastic service. I didn't enjoy their hollandaise sauce, it was not creamy enough, felt...",4.0,Primos,3.5
"With a variety of options this is a great place for a nice Mexican breakfast, from quesadillas to Mexican breakfast dishes like chicharrón, machaca and a variet...",5.0,Los Almuerzos,4.0
"Ironically this bar does not have many imported bears, and they sell Guinness in a can. They have good wings and apetizers, and live music performances at night...",3.0,McCarthy's Irish Pub - Puebla,3.5
"If you're craving fish food, don't miss it. If you can't pick, there's an option that serves a variety of shrimp, lobster, crab legs and scallops. I tried the o...",5.0,Red Lobster,3.5
"If your looking for a non-commercial version of Japanese food, this is the place you want to go to. Their very extensive menu will give you a hard time to decid...",4.0,Nagaoka,4.5
