Un excelente opción en Puerto Progreso económico limpio y sin problemas vine con mi familia y mis hijos encantados con el puerto...hay varias actividades cercas...,5.0,PLAYA LINDA HOTEL,3.5
Una opción muy buena tienen servicio a la carta así como en la compra de las bebidas te arriman varios platos para degustar platillos típicos de la región...,5.0,Eladios Bar Progreso,4.0
Compre como siempre por medio de la página MEXVAX.com que para hoteles en México creo son la mejor opción con respecto a precio y nunca he tenido problemas...co...,5.0,Pequeño Gran Hotel,3.5
La verdad fui porque pensaba comer bien y rico varias opciones a escoger en el bufete fui el día 4 de noviembre a las 4:30 hibamos acompañado de mi esposa pedí ...,3.0,Sirloin Stockade,3.0
Fui en familia con mis hijos no hay mucho que ver pero es interesante y más por qué donde yo vivo no hay algo parecido los trenes y vagones están muy bien casi ...,3.0,Parque Tres Centurias,4.5
Fui a una boda realizada en el hotel y no la pasamos muy bien mis hijos disfrutaron de la alberca y la boda estuvo muy bien los jardines están hermosos....y la ...,5.0,Mision Guanajuato,3.5
A mis hijos les fascino subimos y tomamos fotos en el pipila almorzamos con las señoras unos sopes muy ricos La vista me encanto,4.0,Funicular Panorámico,4.0
Fui con mi familia las nubes nos rodeaban y mis hijos fascinados con la grandeza de Cristo rey....después comimos tacos de guisado al calor de la leña...y un ca...,5.0,Cerro del cubilete,4.5
Un increíble lugar bastante que ver te sientes chiquito y mis hijos encantados les gustó tanto he incluso más que la playa a donde vamos siempre a todo incluido...,5.0,Cascada de Tamul,5.0
Su playa extensa y tranquila parece una gran alberca los peces nadan a tu alrededor otra cosa es que no hay franquicias es una playa donde podrás disfrutar de u...,5.0,Playa Destiladeras,4.5
Llegando de un excelente hotel que nos gusto mucho sus instalaciones los restaurantes y actividades en el mismo siempre hay algo que hacer que no piensas en sa...,5.0,Marival Emotions Resort & Suites,4.0
