"Chop House Burger's claim to fame is there beef - - which is *very* tasty! However, they only have a handful of burger options. Their classic CHB has a",3.0,Chop House Burger,4.0
Rodeo Goat is a trendy artisan hamburger joint with many creative and delicious choices to choose from! Burgers are hand ground and you can taste the freshness ...,5.0,Rodeo Goat,4.5
"You know what to expect, because it's a Hilton. Love the fact that they offer free shuttle service to area businesses, restaurants which avoids one from having ...",4.0,Hilton Garden Inn Tysons Corner,4.0
Wonderful naturally sweetened desserts! Fine selection of organic grains! I go there at least once a week for a treat - like their moist berry cake! It's cut in...,5.0,BreadHaus,5.0
"Kind of a whole in the wall place, but my soft tacos were overly greasy, so much so that they fell apart. Rice had a good flavor.",3.0,El Taco H Tacqueria,4.0
"Great italian grocery store, casual sit down, take away, salad, sandwiches, and rotisserie shop! EatZi's has a wide assortment of ready made foods to take hom...",5.0,Eatzi's Market & Bakery,4.5
"I first ""met"" Nong watching her compete on Chopped on the food network. Being a Portland transplant living in Texas - I have to keep up with the foodie scene on...",5.0,Nong's Khao Man Gai,4.5
Took my mother and two nephews for ice cream. Shop is located in the up and coming Alberta Street neighborhood. It has a wide variety of ever changing gourmet i...,5.0,Salt & Straw,4.5
"A three minute trip, each way, which offers you a beautiful view of the City of Portland. The tram goes from the South Waterfront district up to about 500 feet ...",5.0,Portland Aerial Tram,4.0
Heard about this place online so made a point to stop in when I was in the area with my nephews who of course love hot dogs! Outside Otto's there is a man gri...,5.0,Otto's Sausage Kitchen and Meat Market,4.5
Excellent donuts and great service. Relaxed and warm setting to stop in and eat a few donuts. Because I'm a donut connoisseur I went in and asked for one of e...,5.0,Blue Star Donuts,4.5
"Took my 2 nephews, parents, and aunt for a wonderful home cooked breakfast. We highly recommend the cheddar biscuit with bacon and the Kaiser (a breakfast sandw...",5.0,Milk Glass Mrkt,4.0
Overall the meal was very good. Service was exceptional! Started with the prime rib special- enough to feed 3 people with leftovers. Great smoky taste! It was...,4.0,Podnah's Pit BBQ,4.0
"Small, cafe with indoor and outdoor seating. Vallarta Factory has a wide selection of cigars hand rolled and imported for a wide range of prices. They also s...",5.0,Vallarta Cigar Factory,4.5
Restaurant has a nice open bar with a lounge feel. Staff are always attentive and appear genuine in their desire to please. Great relaxing atmosphere to stop i...,4.0,Hilton McLean Tysons Corner,4.5
"Nice & trendy. Bar is pre-prohibition, meaning nothing flavored. Great selection of straight liquors, beer, and wine. Food is hearty, large portioned, and ser...",4.0,Founding Farmers Tysons,4.0
"If you want fast food stick to the chains you know from home like Pizza Hut, McDonald's, Burger King, etc. El Pollo Pepe sells cheap fast food chicken, burger...",2.0,El Pollo Pepe,3.5
"I decided to write this review after 2 visits where I received poor service. I thought the first may have been a fluke, but my most recent visit proved that it ...",3.0,Yard House,4.0
"Great little shop in Zona Romantica, PV. The chocolate shop takes cash only, so make sure you have pesos handy before visiting. When we visited it was a particu...",4.0,Xocodiva,4.5
Gorgeous view looking out into the ocean and situated right above the malecón/Boardwalk. Menu has an extensive list of seafood entrees unfortunately it was ou...,3.0,Bar Oceano Tropical,4.0
