se disfruta mucho la vista una vez que estas hasta arriba ya que se puede ver al ciudad y al fondo las montañas que hacen un hermoso paisaje. creo que vale la p...,4.0,Space Needle,4.5
"es toda una experiencia ir al public market, esta muy bonito y encuentras de todo, no es muy grande pero el ambiente y el lugar se disfrutan junto con la vista",4.0,Pike Place Market,4.5
"esta muy padre el jardín con las obras de cristal vale la pena, pero si es mucho mas pequeño de lo que yo me imaginaba, son 4, 5 cuartos y el pequeño jardín en ...",4.0,Jardín y cristal Chihuly,5.0
"la pasamos excelente, nos ayudo en todo y nos organizaron el viaje de acuerdo a lo que nosotros necesitábamos. Cesar fue muy atento y nos dio un trato increíble...",5.0,Beltway Travel,5.0
un lugar con hermosos paisajes y es enorme por lo que hay que ir con alguien hay muchísimos lagos y vegetación,5.0,Parque Nacional Nahuel Huapi,5.0
"me gusto mucho este lugar, esta lleno obviamente de arrayanes que son arboles típico de la región y por lo mismo es un paisaje diferente y muy hermoso que lo vi...",5.0,Sendero de los Arrayanes,4.5
"la vista y el viaje por catamaran a la isla lo disfrutamos mucho, la isla esta muy bonita pero en si es lo mismo es ir a ver arboles y disfrutar de las vistas d...",5.0,Isla Victoria,4.5
"como todo en bariloche, aqui vemos muchos paisajes pero es el lugar donde mejor se puede apreciar ya que el mirador es 360 y puedes apreciar todo los alrededore...",5.0,Circuito Chico,4.5
"aqui comimos la mejor lasaña de carne, eso si no ibamos con mucho apetito y lo bueno fue que pedimos un platillo para los 2 y descibrimos que fue lo mejor que p...",5.0,El Boliche de Alberto,4.0
todo lo que pedimos estuvo delicioso y fue el lugar donde nos dijeron que haba comida típica de Bariloche y por recomendación pedimos el lechón a las brasas y e...,5.0,El Patacón,4.0
es muy bonito pero es muy pequeño por lo que recomiendo ir en temporada baja para poder apreciar y pasarla bien,4.0,Islas Marietas,4.5
es muy bonito pero es muy pequeño por lo que recomiendo ir en temporada baja para poder apreciar y pasarla bien,4.0,Islas Marietas,4.5
"todo esta excelente la comida muy rica y casera, el presonal sumamente capacitado, confiable y amable, e igualmente la gente del pueblo super amables. eso si es...",5.0,Aventuras Sin Límite,5.0
"las instalaciones del hotel estan bienpero definitivamente no es un hotel para descansar ni divertirse porque se escucha todo por todos lados, si uno se quiere ...",2.0,Flamingo Vallarta Hotel & Marina,4.0
esta rico el resturante pero no pedir el coctel grande a menos que uno vaya con mucha hambre porque no parece pero de verdad esta muy bien servido,4.0,Mariscos 8 Tostadas,4.0
tanto dulces como saldas estan muy ricas las crepas que preparan y si piden una salada que no se les olvide las salsas que acompañan a estas de jalapeño o cebol...,5.0,La Creperia de la Marina,4.0
el lugar definitivamente esta hermoso pero en las fotos se ve mucho mas grande a lo que en realidad es por lo que no se recomienda en lo absoluto ir en puente o...,4.0,Islas Marietas,4.5
el lugar definitivamente esta hermoso pero en las fotos se ve mucho mas grande a lo que en realidad es por lo que no se recomienda en lo absoluto ir en puente o...,4.0,Islas Marietas,4.5
"100% recomendable sobre todo los bungalows que estan a la orilla del lago, es una experiencia inigualable la vista que se tiene. El personal es excelente, todos...",5.0,Rancho Encantado,4.5
"Esta muy cerca, lo cañones que tienen son originales y esta interesante pero en si el museo es muy pequeño y no hay mucho que ver, eso si lo que vale la pena e...",3.0,Fuerte de San Felipe,4.0
"es una playa con una vista hermosa con diferentes tonalidades de azul, sumamente tranquila. a lo largo de la playa se pueden encontrar restaurantes con camastro...",4.0,Mahahual Beach,4.5
"esta enorme, en excelente cuidado y lleno de vida y experiencias unicas. creo que no hay mejor manera de ver a los animales que es su habitat natural hay, lo ma...",5.0,Calakmul Archaeological Zone,5.0
"habia escuchado de la cueva de los murcielagos y cuando llegamos solo se veia una pequeña cueva pero en cuestion de minutos, al rededor de las 6 de la tarde, co...",5.0,Volcan de los Murcielagos,4.5
el paisaje es algo que no puedes creer y la experiencia en la tirosela es unica lo recomiendo muchisimo,5.0,Parque de Aventura Barrancas del Cobre,4.5
"es una experiencia diferente para viajar, el tren esta bastante amplio y limpio. lo que no esta bien es que los alimentos que venden ahi estan exageradamente ca...",4.0,Chepe - Ferrocarril Barrancas del Cobre,4.5
