Me gustó mucho. Pudimos disfrutar del mar con nuestras niñas pequeñas; hay varios paradores para elegir donde ubicarse. Los precios son caros; porque te dan las...,4.0,Cupe beach,4.5
"Nosotros estamos parando en playa do coupe que es muy agitado el mar; visitar esta playa permite disfrutar del mar con niños pequeños. Nosotros fuimos en taxi, ...",4.0,Muro Alto Beach,4.5
"Desde nuestro hotel; tomamos un taxi al centro de porto galhinas, porque queda emplazada justo ahi; que nos costó 15 reales. Justo en la bajada a la Playa hay u...",3.0,Piscinas Naturais de Porto de Galinhas,4.5
Vinimos por 7 noches con mi marido y 2 hijas de 2 y 4 años con régimen de media pensión a razón de 250 dólares cada uno contratado por al mundo. Excelente relac...,5.0,Hotel Village Porto De Galinhas,4.5
"Pasamos dos noches en este hotel en habitación doble. La misma es funcional y moderna. El servicio es bueno, el desayuno un poco escaso, pero tienen este comedo...",3.0,Hotel Secreto la Fortuna,4.5
"Estuvimos parando 2 noches con mi familia, tenemos una bebe y una nena de 3 años. Pagamos por agencia desde Argentina unos 80 dolares la noche. Teníamos prepar...",5.0,Apartotel Don Francisco,4.5
"El hotel me encantó. Estuvimos con mi familia 7 días. El desayuno es increíble al estilo hotel 4/5 estrellas,y el servicio de todo el personal excepcional, Esta...",4.0,Tamarindo Diria,4.0
desconocido,40.4,Costa Rica,40.4
desconocido,40.4,Costa Rica,40.4
desconocido,40.4,Costa Rica,40.4
desconocido,40.4,Costa Rica,40.4
desconocido,40.4,Costa Rica,40.4
desconocido,40.4,Costa Rica,40.4
desconocido,40.4,Costa Rica,40.4
desconocido,40.4,Costa Rica,40.4
desconocido,40.4,Costa Rica,40.4
desconocido,40.4,Costa Rica,40.4
desconocido,40.4,Costa Rica,40.4
desconocido,40.4,Costa Rica,40.4
desconocido,40.4,Costa Rica,40.4
desconocido,40.4,Costa Rica,40.4
desconocido,40.4,Costa Rica,40.4
desconocido,40.4,Costa Rica,40.4
"Fuimos a merendar, pedimos un capuccino, un jugo de naranja, una torta opera y un volcan de chocolate con helado. La pasteleria no es buena, mas bien mediocre. ...",3.0,Castillo Forestal,4.5
"Se disfruta mucho la subida al cerro caminando. Es un aire en medio del cemento. Lleno de flores, rico aroma, muy bien cuidado. Para distenderse un rato en la c...",4.0,Cerro Santa Lucía,4.5
Es la primera vez q vamos y entre especificamente por las ribbs y no decepciono. Muyyy ricas!!! Mi marido opto por los tallarines con pollo que estuvieron corre...,4.0,Tony Roma's,3.5
"Esta emplazado en el patio de comidas al aire libre del parque arauco. Tiene buena oferta de bebidas, tortas y sandwichs. La atencion es muy buena. Pedimos un j...",4.0,Inside Tea Connection,4.0
"Yo ya había hecho la visita en forma individual hace unos años y habia disfrutado mucho de la vista y de la capilla abierta, pero mi opinion cambia ahora que ha...",3.0,Cerro San Cristóbal,4.5
"Durante nuestra estadía en Santiago fuimos dos veces. El lugar es muy acogedor, comodo y limpio para ir con las niñas pequeñas. La atencion esmerada, variedad d...",4.0,Vapiano Pedro de Valdivia,4.0
"Fuimos 7 noches en la primera semana de marzo, cabaña para 6, 11.000 pesos con desayuno seco muy abundante y completo en la cabaña. Inmejorables instalaciones y...",4.0,Paihue Cabanas,4.0
"Hice infinidad de viajes con LAN, pero es la primera vez que tengo un problema serio. Perdieron la maleta de mi bebe, con todas sus leches, pañales, medicament...",3.0,LATAM Airlines,3.5
"Está ubicado en pleno centro, justo frente a la terminal de cruceros. Nosotros fuimos con mi bebé de 18 meses, para llegar al salón comedor hay q subir una herm...",3.0,Iguana Joe's Caribbean Bar & Grill,4.0
