"El Hotel NH un excelente lugar, en el centro de puebla a dos cuadras del zocalo, muy limpio, en muy buena zona , todo muy cercano, y agradable lugar en general,...",5.0,NH Puebla Centro Histórico,4.0
"Un Hotel Bueno, Remodelado, buen servicio, buena comida, diversion, descanso arena y sol, buena vista al mar, Comi bastante bien, el descanso es Necesario , a...",4.0,Sheraton Buganvilias Resort & Convention Center,4.5
"Los chicos divirtieron a lo Grande y los Grandes como Niños, buenas instalaciones, todo el dia en accion para arriba y para abajo Todo muy bien",4.0,Aquaventuras Park,4.0
"Es un excelente Lugar, Para Disfrutar de unas Tradicionales COSTILLAS, En La Cabaña Smoke house, comimos exquisito, Variedad de Costillas, de Res y De Puerco, ...",5.0,La Cabaña Smokehouse San Felipe,4.0
"Todos en Chihuahua, sabemos acerca de la Calesa, un Lugar con Mucha Tradición en Chihuahua, se encuentra, En la avenida. Juarez y Tecnológico, Frente a la esta...",5.0,La Calesa Restaurant,4.0
"Un Lugar donde la comida es muy Buena, Los Chiles en nogada Los Tlalpeños, el Mole mmm... Delicioso un lugar muy tranquilo y con un ambiente 100 % Familiar",4.0,Puebla en Chihuahua,3.5
"El CID un lugar con servicio de EXCELENCIA Limpio, Agradable, Buenas Instalaciones, Muy buen Trato Buenas Albercas, Buena Playa EXCELENTE vista Gente Bonit...",5.0,El Cid Castilla Beach Hotel,4.0
