"Después de 6 años, regresamos a este hotel. Pese a que las habitaciones son un poco viejas y huelen a humedad, nos la pasamos increíble. Mi niño encantado con J...",5.0,Samba Vallarta All Inclusive,4.5
"Después de 6 años, regresamos a este hotel. Pese a que las habitaciones son un poco viejas y huelen a humedad, nos la pasamos increíble. Mi niño encantado con J...",5.0,Samba Vallarta All Inclusive,4.5
"Después de 6 años, regresamos a este hotel. Pese a que las habitaciones son un poco viejas y huelen a humedad, nos la pasamos increíble. Mi niño encantado con J...",5.0,Samba Vallarta All Inclusive,4.5
"Es primera vez que llego a éste búngalow y mi primera impresión fue buena, La chica de recepción, creo que se llama Mayra, fue muy amable desde que llamé para p...",5.0,Bungalows San Miguel,4.5
"La comida me pareció de regular a buena, creo que es más o menos buena la relación calidad-precio, pero creo que por parte del personal le hace falta más atenci...",3.0,Restaurante Pineda,4.5
"Es una isla protegida, su agua es muy clara, se puede hacer snorkel y se ven peces de colores, es de agua tranquila, perfecta si van niños. Está hermosa!!",5.0,Isla de Coral,4.0
"La ubicación es a 2 cuadras de la playa, se me hizo muy bien la ubicación porque al salir hay como un andador que te lleva a la playa y es rápido, 3 minutos cam...",5.0,As De Oros,4.5
"El chavo de recepción amable desde el momento en que me contacté. En cuanto al hotel, reservé un bungalow para 4 personas, creo que el cuarto estaba un poco red...",3.0,Castillo Plaza Hotel,3.5
"Me hospedé 1 noche (el 1° de noviembre) fuimos mi esposo y yo, la habitación estaba vieja, sólo dejaron amenidades para 1 persona (shampoo de sobrecito, 1 toall...",1.0,Hotel San Jorge,2.0
"La verdad me gustan mucho las tortas de aquí, pero creo que ya con la ""fama"" han incrementado un poco los costos en sus productos.. Creo que ya también es tiemp...",4.0,Tortas Condorito,4.0
"Venden unos tacos muy ricos, con una tradición ya de muchos años, ambiente familiar. Tienen tacos de adobada, cabeza, tripa y barbacoa, gringas y tortas. Todo m...",5.0,Taqueria Tafoya,4.5
"He ido a este hotel en dos ocasiones. La primera vez fue en 2013 y estuvo excelente todo: comidas, bebidas, cuarto con vista al jardín, etc. Por eso me dieron g...",3.0,Samba Vallarta All Inclusive,4.5
"He ido a este hotel en dos ocasiones. La primera vez fue en 2013 y estuvo excelente todo: comidas, bebidas, cuarto con vista al jardín, etc. Por eso me dieron g...",3.0,Samba Vallarta All Inclusive,4.5
"He ido a este hotel en dos ocasiones. La primera vez fue en 2013 y estuvo excelente todo: comidas, bebidas, cuarto con vista al jardín, etc. Por eso me dieron g...",3.0,Samba Vallarta All Inclusive,4.5
"Es la segunda vez que voy y ambas han sido en familia. La comida estuvo muy buena y variada, solo que al menudo le faltó que lo lavaran muy bien y no lo recocie...",5.0,Hotel Riu Jalisco,3.5
"Es la segunda vez que voy y ambas han sido en familia. La comida estuvo muy buena y variada, solo que al menudo le faltó que lo lavaran muy bien y no lo recocie...",5.0,Hotel Riu Jalisco,3.5
"Fui a festejar mi cumpleaños ahi y me dieron una bebida que se llama ""cucaracha"" de cortesía.. Solo con decir que es cumpleaños y te festejan ahí..!!! El lugar ...",5.0,Diablo Wings,4.0
"Me llevo mi esposo a comer ahí y la verdad quedé encantada.. Los precios van acorde al platillo, ya que no es un plato muy ""pichicato"" en comparación a otros lu...",5.0,Las Palmas Mariscos Estilo Nayarit,4.5
"El hotel,para lo que me cobraron, estuvo bien, lo malo ahì fue que para el snack y las bebidas tenìa que hacerse una filotota que parecìa que jamàs me iba a toc...",3.0,Hotel Fontan Ixtapa,4.0
"En fotos el hotel se veia grande y bonito, la realidad la vivimos cuando llegamos, esta un poco pequeño, a la hora de las comidas si no llegas temprano te toca ...",3.0,Las Palmas by the Sea,4.0
"Marina vallarta me pareciò muy muy bonito, les recomiendo darse una vuelta por ahi.. No solo es barcos y asì, tambien hay centros comerciales para los amantes d...",5.0,Marina Vallarta,4.5
"Es un centro comercial que lo veìa chiquito por fuera, pero ya por dentro esta muy muy grande, hay tiendas para todos los gustos, hay cine, bolos, area para niñ...",5.0,Plaza Caracol,4.0
"Yo no querìa ir a este hotel porque se me hacìa demasiado largo el camino del hotel a la playa, pero una vez estando ahì me fascinò. Desde la llegada la atenciò...",5.0,Hotel Riu Jalisco,3.5
"Yo no querìa ir a este hotel porque se me hacìa demasiado largo el camino del hotel a la playa, pero una vez estando ahì me fascinò. Desde la llegada la atenciò...",5.0,Hotel Riu Jalisco,3.5
"Es un hotel hermoso en sus instalaciones, su personal todos muy amables desde que llegas. Te reciben con un masaje de 5 min y una bebida, te dan a elegir a qué ...",5.0,Villa Premiere Boutique Hotel & Romantic Getaway,4.5
"Para mí en lo personal estuvo muy bien, todo el personal muy amable, necesitaba de cuna y enseguida me la llevaron, El único detalle que tuve fue en check in ya...",5.0,Samba Vallarta All Inclusive,4.5
"Para mí en lo personal estuvo muy bien, todo el personal muy amable, necesitaba de cuna y enseguida me la llevaron, El único detalle que tuve fue en check in ya...",5.0,Samba Vallarta All Inclusive,4.5
"Para mí en lo personal estuvo muy bien, todo el personal muy amable, necesitaba de cuna y enseguida me la llevaron, El único detalle que tuve fue en check in ya...",5.0,Samba Vallarta All Inclusive,4.5
