"Es un servicio que deja tranquilo al viajante, ya que fuimos por primera vez a puerto vallarta y no sabiamos como seria la vida, distancias, etc.",3.0,Vallarta Transfers and Incentives,5.0
"Es excelente la atencion, servicios y descanso. No hay nada para desperdiciar a cada momento. Comida abundante, entretenimiento a bordo, mantas para cuando uno ...",5.0,LATAM Airlines,3.5
"Nos hospedamos en familia.Todo más que muy bueno!!! Desde el servicio de recepción hasta el sector de comidas y bares, excelente. Actividades, servicio limpieza...",5.0,Plaza Pelicanos Grand Beach Resort,4.0
El lugar es excelente para caminar y conocer bares y estar a las orillas del mar tomando algo o conociendo actividades del lugar. Excelente paseo,4.0,Malecón Boardwalk,4.5
"Es viejo vallarta, un lugar ideal para compartir a la luz de las velas un trago.Y para pasear al borde del mar, y visitar el puerto.",5.0,Zona Romántica,4.5
"Los locales con variedad de productos, y la tranquilidad con la que se pasea, tranquilo, muy iluminado y seguro de andar.",3.0,El Centro,4.5
"Es un lugar impresionante para hacer todo tipo de actividades acuáticas y conocer todo tipo de aves, peces y avistaje de ballenas y cachalotes. Además de la bel...",5.0,Islas Marietas,4.5
"Un lugar diferente para recorrer y para sorprenderse de las actividades y cultura, además de las playas y estilo de vida tan reljadao y antiguo",5.0,Majahuitas Beach,4.5
