"Queridos amigos las catividades que efectuamos en este viaje increible fueron ""Mil cascadas"" y el ""Rio Chontalcoatlan"", este ultimo, en su version COMPLETA. H...",5.0,Tlacuache Adventures,5.0
"HOLA A TODOS VAIJEROS MI NOMBRE ANTONIO DIAZ GONZALEZ B. MEdico de profesion y orgulloso de haber convivido con un grupo de amigos de la ciudad de Mexico, Chi...",5.0,Huaxteca Hasta el Perro se Divierte,5.0
Via Ferrata es un reto individual y un encuentro con la naturaleza y grandes paisajes dignos de postales. Esta ha sido mi 4a experiencia en Vias Ferratas despu...,5.0,GEO Aventura,5.0
"SIn duda debes de visitarlo con calma, La plaza de las piñatas La Iglesia sus dos museos y comer CABRITO ahi es fantastico",5.0,Santiago,40.4
Fantastico conocer un lugar tan fascinate y enorme. Me subi a la tiroleza Increible Vista Cada parte tiene su propias historia,5.0,Parque Fundidora,4.5
Increible paseo rentamos un cochesito al terminar el paseo y los 20 minutos que dura el viaje aprendes cosas nuevas sobre Monterrey,5.0,Paseo de Santa Lucía,4.5
Tuve la oportunida de escaparme a efectuar CANOPY (o sea aventarte de un lugar a otro por cables en tirolesas) increible Sabes Que Vallarta tiene algunas opc...,5.0,Canopy Bay,4.5
"Estimados Amigos Orgulloso ser MEXICANO, vivir en el extranjero, regresar a tu Pais a Vacacionar y encontrate un SERVICIO CON UNA CALOIDAD SOBRESALIENTE, La a...",5.0,Puerto Vallarta Tours,4.5
"NO DEJEN DE EFECTUAR ESTE TOUR La gentes es superamable, VALLARTA ADEVNTURES compania extremadamente cuidadosa de detalles te haven un viaje superagradabl...",5.0,Islas Marietas,4.5
"Bien Vigilada , lugar de llegada para cualquier TOUR, Me tome fotgrafias cn una FOCA un TUCAN y desayunar en las Carmelitas con gente MEXICANA que te cocina ...",5.0,Marina Vallarta,4.5
"Por favor no dejen de visitarlas de dia y de noche de dia muchas actividades y de noche un espectaculo que se llama Ritmos de la noche esta super genial, ...",5.0,Vallarta Adventures - Las Caletas Beach Hideaway,4.5
