"magnifica habitacion con todos los servicios muy presisos, instalaciones son grandes, y sobre todo el personal es muy ateno sobre todo Claudia es amable , ...",5.0,Villa Del Palmar Beach Resort & Spa,4.5
"magnifica habitacion con todos los servicios muy presisos, instalaciones son grandes, y sobre todo el personal es muy ateno sobre todo Claudia es amable , ...",5.0,Villa Del Palmar Beach Resort & Spa,4.5
hermosa iglesia en donde puedes estar serca de la espiriualidad muy centrica y radicional. me encanta es un pueblo hermoso donde todo se convina con el arte la...,5.0,Parroquia de Nuestra Señora de Guadalupe,4.5
la vida y la espiritualidad asi como el amor no puede apararse de todo lo que reune la belleza del lugar amor romantisismo no pueden faltar.,5.0,Zona Romántica,4.5
"este malecón inspira el romanticismo, la tranquilidad al escuchar las olas del mar besando las rocas.una tarde llena de bellos momentos que jamas se olvidaran q...",5.0,Malecón Boardwalk,4.5
"este malecón inspira el romanticismo, la tranquilidad al escuchar las olas del mar besando las rocas.una tarde llena de bellos momentos que jamas se olvidaran q...",5.0,Malecón Boardwalk,4.5
"recorridos agradables con personal agradable tours vallarta personal capacitado, agradable y bellos recorridos saludos a todos ellos que con su amabilidad hacen...",5.0,Superior Tours Vallarta,5.0
"la naturaleza de este rio y paisaje de este puente hace tan natural es una experiencia inolvidable, las personas son de gran empatia y mu sociables, su trato e...",5.0,Isla del Río Cuale,4.5
"los toboganes, sin duda la alegria de los pequeñines, en donde esta garantizada la felicidad, son areas muy bien cuidadas con personal que es muy responsable y ...",5.0,Aquaventuras Park,4.0
opino que son muy creativas las personas que te encuentras en el malecón las figuras de arena son muy interesantes las rocas que estan arriba de otras los volad...,5.0,Malecón Boardwalk,4.5
opino que son muy creativas las personas que te encuentras en el malecón las figuras de arena son muy interesantes las rocas que estan arriba de otras los volad...,5.0,Malecón Boardwalk,4.5
"este lugar tan paradisiaco lleno de tono azul, tan transparente tan unico hace que realmente sientas que la tierra es un paraisi regalo de dios hecho con amor, ...",5.0,Islas Marietas,4.5
"es un recorrido extraordinario que llena tus sentidos de emociones, las olas tan bellas y el cerrito que se recorre hacia el paraiso de verdad la gente hospita...",5.0,Playa de los Muertos,4.5
esto es algo tan hermoso como algo tan perfecto puede ser la alegria de tus ojos hermosisisima playita para la familia y sobre todo para los niños es una transp...,5.0,Playa las Gemelas,4.5
es un lugar en donde te transporta asi como a un rancho lujoso en donde se disfruta de una rica comida mexicana y bebidas tequileras es muy ala mexicana de verd...,5.0,Las Adelitas,4.0
"mi sueño hecho realidad villas del palmar un encanto de hotel, excelente recibimiento sus instalaciones, grandes areás verdes muy bien cuidadas los cuartos reno...",5.0,Villa Del Palmar Beach Resort & Spa,4.5
"mi sueño hecho realidad villas del palmar un encanto de hotel, excelente recibimiento sus instalaciones, grandes areás verdes muy bien cuidadas los cuartos reno...",5.0,Villa Del Palmar Beach Resort & Spa,4.5
