"Es un excelente espectaculo en vivo con musica increible, ademas de que cuenta con personas muy preparadas y profesionales, rei mucho y me quede muy impresionad...",5.0,Pirate Ship Vallarta,4.5
Fui con mi novia y me encanto este lugar. Cuenta con muchos restaurantes para visitar y los precios estan a la medida de muchos.,5.0,Zona Romántica,4.5
Una hermosa catedral con unos acabados muy lujosos. Lo que mas me gusto de ella es lo que pareciera una gran corona que se posa por encima de la catedral. Vaya...,4.0,Parroquia de Nuestra Señora de Guadalupe,4.5
Este lugar es hermoso por si mismo. Un lugar que nacio de rocas volcanicas y que cuenta con una gran vegetacion sumbmarina. Es totalmente recomendable para quel...,5.0,Islas Marietas,4.5
"Fui con mi pareja y unos primos, cuando hicimos la reservacion nos comentaron que prestaban aletas para entrar a playa escondida (lo cual me parecio excelente ...",1.0,Vallarta by Boat - Private Tour,2.5
"Wooooow un dia excelente, las tirolesas, los toboganes, que les puedo decir lo que mas me gusto fue el Rappel tanto el de pared como el de caida libre. Simpleme...",4.0,Outdoor Adventure by Vallarta Adventures,5.0
"Fui con mi pareja y la verdad que estuvo espectacular, esta hermoso caletas y de noche parece un paraiso rodeado de miles de antorchas y velas. La comida es Pre...",5.0,Rhythms of the Night by Vallarta Adventures,4.5
"Garantia de calidad tomamos tres tour con ellos y en todos un 10, animadores con excelente calidad de servicio y los lugares que visitan excelente.",5.0,Vallarta Adventures,4.5
"Un lugar que no puedes de jar de visitar. Hermosa arquitectura y muchas que se puede hacer, hermoso artardecer.",5.0,Malecón Boardwalk,4.5
"Un buen hotel por un precio económico. Me hospede 5 días en este hotel y su servicio fue bueno. El hospedaje Incluye un desayuno tipo bufete, sencillo pero su...",4.0,Hotel Plaza Playa,4.5
