"es mi octava estancia en este hotel y me resultó muy gratificante el ver como a ido mejorando en todos los aspectos, lo más grato fue encontrar que la comida es...",5.0,Vamar Vallarta All Inclusive Marina and Beach Resort,4.0
"es mi octava estancia en este hotel y me resultó muy gratificante el ver como a ido mejorando en todos los aspectos, lo más grato fue encontrar que la comida es...",5.0,Vamar Vallarta All Inclusive Marina and Beach Resort,4.0
"es mi octava estancia en este hotel y me resultó muy gratificante el ver como a ido mejorando en todos los aspectos, lo más grato fue encontrar que la comida es...",5.0,Vamar Vallarta All Inclusive Marina and Beach Resort,4.0
"es mi octava estancia en este hotel y me resultó muy gratificante el ver como a ido mejorando en todos los aspectos, lo más grato fue encontrar que la comida es...",5.0,Vamar Vallarta All Inclusive Marina and Beach Resort,4.0
"es mi octava estancia en este hotel y me resultó muy gratificante el ver como a ido mejorando en todos los aspectos, lo más grato fue encontrar que la comida es...",5.0,Vamar Vallarta All Inclusive Marina and Beach Resort,4.0
"Es una plaza bonita, amplia, con acceso para personas con discapacidad. Es una plaza la cual no puede un mundo con hacer en las a la visita y esos bueno porque ...",5.0,Oasis Coyoacan,4.5
Fue grato volver a este hotel y encontrar como día con día ha mejorado sus servicios para que los huéspedes disfrutemos de los diferentes platillos y su present...,5.0,Vamar Vallarta All Inclusive Marina and Beach Resort,4.0
Fue grato volver a este hotel y encontrar como día con día ha mejorado sus servicios para que los huéspedes disfrutemos de los diferentes platillos y su present...,5.0,Vamar Vallarta All Inclusive Marina and Beach Resort,4.0
Fue grato volver a este hotel y encontrar como día con día ha mejorado sus servicios para que los huéspedes disfrutemos de los diferentes platillos y su present...,5.0,Vamar Vallarta All Inclusive Marina and Beach Resort,4.0
Fue grato volver a este hotel y encontrar como día con día ha mejorado sus servicios para que los huéspedes disfrutemos de los diferentes platillos y su present...,5.0,Vamar Vallarta All Inclusive Marina and Beach Resort,4.0
Fue grato volver a este hotel y encontrar como día con día ha mejorado sus servicios para que los huéspedes disfrutemos de los diferentes platillos y su present...,5.0,Vamar Vallarta All Inclusive Marina and Beach Resort,4.0
"Nos gusto mucho el viaje y sobre todo el cruzar para entrar a la isla del amor en una de las islas. Pudimos disfrutar del alistamiento de aves, delfines y balle...",5.0,Islas Marietas,4.5
Es una construcción que no puede uno perdérsela pues es una de las tantas que se hicieron en la época porfiriana y fue una etapa de apogeo en México,5.0,Palacio de Bellas Artes,4.5
"La experiencia de tener un hotel donde uno pueda disfrutar una vista a la marina y montaña o al mar es de considerar. Disfrute al máximo mis vacaciones, recibí ...",5.0,Vamar Vallarta All Inclusive Marina and Beach Resort,4.0
"La experiencia de tener un hotel donde uno pueda disfrutar una vista a la marina y montaña o al mar es de considerar. Disfrute al máximo mis vacaciones, recibí ...",5.0,Vamar Vallarta All Inclusive Marina and Beach Resort,4.0
"La experiencia de tener un hotel donde uno pueda disfrutar una vista a la marina y montaña o al mar es de considerar. Disfrute al máximo mis vacaciones, recibí ...",5.0,Vamar Vallarta All Inclusive Marina and Beach Resort,4.0
"La experiencia de tener un hotel donde uno pueda disfrutar una vista a la marina y montaña o al mar es de considerar. Disfrute al máximo mis vacaciones, recibí ...",5.0,Vamar Vallarta All Inclusive Marina and Beach Resort,4.0
"La experiencia de tener un hotel donde uno pueda disfrutar una vista a la marina y montaña o al mar es de considerar. Disfrute al máximo mis vacaciones, recibí ...",5.0,Vamar Vallarta All Inclusive Marina and Beach Resort,4.0
Tuve la oportunidad de regresar a este hotel y confirmar nuevamente que la atención recibida anteriormente fue la misma y si se puede decir mejor. Es grandioso ...,5.0,Vamar Vallarta All Inclusive Marina and Beach Resort,4.0
Tuve la oportunidad de regresar a este hotel y confirmar nuevamente que la atención recibida anteriormente fue la misma y si se puede decir mejor. Es grandioso ...,5.0,Vamar Vallarta All Inclusive Marina and Beach Resort,4.0
Tuve la oportunidad de regresar a este hotel y confirmar nuevamente que la atención recibida anteriormente fue la misma y si se puede decir mejor. Es grandioso ...,5.0,Vamar Vallarta All Inclusive Marina and Beach Resort,4.0
Tuve la oportunidad de regresar a este hotel y confirmar nuevamente que la atención recibida anteriormente fue la misma y si se puede decir mejor. Es grandioso ...,5.0,Vamar Vallarta All Inclusive Marina and Beach Resort,4.0
Tuve la oportunidad de regresar a este hotel y confirmar nuevamente que la atención recibida anteriormente fue la misma y si se puede decir mejor. Es grandioso ...,5.0,Vamar Vallarta All Inclusive Marina and Beach Resort,4.0
La calidez del personal desde que llega uno lo invita a sentirse como en casa y así frutar de todas las comodidades de la habitación que fue excelente la vista ...,5.0,Vamar Vallarta All Inclusive Marina and Beach Resort,4.0
La calidez del personal desde que llega uno lo invita a sentirse como en casa y así frutar de todas las comodidades de la habitación que fue excelente la vista ...,5.0,Vamar Vallarta All Inclusive Marina and Beach Resort,4.0
La calidez del personal desde que llega uno lo invita a sentirse como en casa y así frutar de todas las comodidades de la habitación que fue excelente la vista ...,5.0,Vamar Vallarta All Inclusive Marina and Beach Resort,4.0
La calidez del personal desde que llega uno lo invita a sentirse como en casa y así frutar de todas las comodidades de la habitación que fue excelente la vista ...,5.0,Vamar Vallarta All Inclusive Marina and Beach Resort,4.0
La calidez del personal desde que llega uno lo invita a sentirse como en casa y así frutar de todas las comodidades de la habitación que fue excelente la vista ...,5.0,Vamar Vallarta All Inclusive Marina and Beach Resort,4.0
El que no pasen coches y disfrutar las esculturas y el mar. También el desplazarse a los diferentes restaurantes que con sólo verlos nos invitan a conocer sus s...,5.0,Malecón Boardwalk,4.5
