"Whether you choose to order off the breakfast menu - or if you decide to get the extensive buffet...... you will not be disappointed! The food is excellent, fr...",5.0,Blanca Blue Restaurant & Lounge,4.5
"The food here was excellent. Many options including beef and seafood. A table outside offers a stunning view. The service is perfect, truly one of the best...",5.0,BocaDos STK,4.5
"We had the very best time at Garza Blanca! The resort is very beautiful - very upscale, just everything was perfect! Most of all though, the service is amazin...",5.0,"Garza Blanca Preserve, Resort & Spa",4.5
"This is a very nice one bedroom condo in the beautiful resort Camino Real Zashilla, in Huatulco, Mexico. The beach area and pool area are beautiful. Perfect ...",4.0,"Hermoso condominio totalmente equipado, con playa en hotel camino real huatulco",4.5
This hotel is in a great location in the town of Santa Cruz Huatulco Mexico. It is the oldes hotel in Huatulco. It has been beautifully maintained. The ga...,5.0,Binniguenda All Inclusive,4.5
This is a bar and can get pretty load so if you want a quiet dinner this place is not for you. A reservation is advised. They open at 5 pm and I believe stay op...,4.0,La Crema Bar,4.5
The owners of this restaurant are from Italy. They serve delicious 😋 food! Be sure to make a reservation as the place is very little. We have been several tim...,5.0,Giordana's Delizie Italiane,4.5
"What a wonderful time we had at Dreams Tulum! This is such a beautiful resort. Truly, the gardens are the best I have ever seen in Mexico. The buildings ar...",5.0,Dreams Tulum Resort & Spa,4.5
"We absolutely love this place! I think it is just the best place for a romantic getaway! Akumal is a quiet, peaceful place. This resort is small in compar...",5.0,Akumal Bay Beach & Wellness Resort,5.0
"We absolutely love this place! I think it is just the best place for a romantic getaway! Akumal is a quiet, peaceful place. This resort is small in compar...",5.0,Akumal Bay Beach & Wellness Resort,5.0
Top Cancun Shuttles is such a reliable company to do business with. Drivers are courteous and on-time. We have used them before - and will continue to use th...,5.0,Top Cancun Shuttles,5.0
Top Cancun Shuttles is such a reliable company to do business with. Drivers are courteous and on-time. We have used them before - and will continue to use th...,5.0,Top Cancun Shuttles,5.0
The Westin Hotel in Snowmass Village was very accommodating. After reading recent reviews - I can honestly say I was a little concerned about staying at the h...,4.0,The Westin Snowmass Resort,4.0
"We have been to the original Slow Groovin BBQ in Marble, Colorado and loved it. We were happy to see that they had opened a new restaurant in Snowmass Village....",5.0,Slow Groovin BBQ Snowmass,4.5
This park has only been open for a few years. It is a real gem! The lakes are stocked so the fishing is wonderful. Hiking is great - the trails are well ma...,5.0,Staunton State Park,4.5
We spent 8 nights in paradise at the Akumal Bay Beach & Wellness Resort in February 2017. It was out second visit to this amazing resort. Sometimes when you...,5.0,Akumal Bay Beach & Wellness Resort,5.0
We spent 8 nights in paradise at the Akumal Bay Beach & Wellness Resort in February 2017. It was out second visit to this amazing resort. Sometimes when you...,5.0,Akumal Bay Beach & Wellness Resort,5.0
We always enjoy coming to La Buena Vida. It is great if you can get a table overlooking the water. Love the sand floor. The food is very good and the drin...,5.0,La Buena Vida,4.5
We have been going to this restaurant for the past two winter seasons. The food and the service are exceptional. Whether you order an entrée or just pizza y...,5.0,O Sole Mio,4.0
We enjoy this restaurant - as it is right on the Marina and you can watch the dolphins play. We have also watched sports on one of their many outdoor TV's. A...,4.0,The Pub,4.0
On time! Great driving - will definitely use again. Very happy with the service we received. Took us right to the condo we were renting.,5.0,Top Cancun Shuttles,5.0
On time! Great driving - will definitely use again. Very happy with the service we received. Took us right to the condo we were renting.,5.0,Top Cancun Shuttles,5.0
"We love the location of this hotel. You can walk to Bucerias and enjoy all the shopping and restaurants. Also, the local bus is just down the street - and y...",4.0,Royal Decameron Complex,4.0
Everything was beautiful in the shops. The artists are all so talented. Wish I had more $$$ and room in my suitcase!,5.0,The Bucerias Art Walk,4.0
