El ceviche seafood se encuentra enfrente del plaza principal e la ciudad de cusco y su especialidad son los mariscos en este cas el mundialmente famoso ceviche ...,5.0,Ceviche Seafood Kitchen,5.0
Tome desde ica el autobús de cruz del sur para mi regreso a la ciudad de lima después de visitar el oasis de huacachina. El costo del boleto es de $42 soles p...,5.0,Transportes Cruz del Sur,3.5
"Flor ekekos La boutique ekekos esta localizada en la ciudad de Cusco, Perú. Tiene 3 boutiques entre San Blas y la plaza de armas. Estuve buscando antes de reg...",5.0,Ekekos San Blas - Arte & Colores,5.0
El hotel rojas inn se encuentra localizado a 2 cuadras de la plaza de armas de la ciudad de cusco. 5 minutos o menos caminando asi que la localización es excele...,4.0,Hotel Rojas Inn,4.0
El hotel grand prix se encuentra muy cerca del aeropuerto internacional de la ciudad de México. Cuenta con shuttle desde el aeropuerto al hotel las 24 horas del...,5.0,Grand Prix Hotel,3.5
"El hotel casa abadía está localizado a 2 cuadras de plaza del sol en Guadalajara. Es un hotel pequeño pero muy acogedor. Cuenta con alberca , desayuno incluid...",5.0,Casa Abadia,4.5
El hotel esta bien situado en la zona de expo guadalajara con facil acceso a toda la ciudad y muchos comercios tienes 1 oxxo solo a unos pasos del hotel al igua...,5.0,Hampton Inn by Hilton Guadalajara/Expo,4.0
El skyline de la ciudad de Hong kong es uno de los más famosos y reconocidos por muchos. La puedes mirar desde kowloon la isla que la bahía de victoria separa...,5.0,Skyline de Hong Kong,4.5
El connaught place es una zona de nueva Delhi en India. Es de las mejores zonas de.la ciudad con sus calles con una arquitectura estilo europea. Esta muy limp...,4.0,Connaught Place,4.0
El restaurante come camila en el D1 de Chihuahua es un restaurante que su especialidad son los paninis y ensaladas. Tienen un amplio menú muy rica la comida. ...,4.0,Comecamila Paseo Central,4.0
The chi lin nunnery is a monastery constructed in the diamond hill in Hong Kong next to the nan lian Garden. It is made of wood and it represents the harmony ...,4.0,Convento Chi Lin,4.5
El airport express es un tren que conecta el aeropuerto internacional de Hong kong con la isla de kowloon y Hong kong. El tiempo de trayecto es de 25 minutos y...,5.0,Airport Express,5.0
El Garden of stars está cerca de la famosa parte de tsim sha tsui donde puedes ver la bahía de victoria. Es un lugar donde están las manos y algunas estatuas d...,3.0,Garden of Stars,3.5
El Hong kong avenue of comic stars está en el kowloon park es una serie de estatuas de los artistas de comedia de Hong kong. Parecido al Hong kong garden of sta...,3.0,Hong Kong Avenue of Comic Stars,3.5
This place is an UNESCO world heritage site. It is the tumb of the mughal emperor Yumayun. The tomb looks very similar to the mughal arquitecture that you ca...,5.0,Tumba de Humayun,4.5
The Agra Fort is a fort in the city of Agra in India. It was the residence of the mughal emperors when agra was the capital of India . It is a unesco world her...,5.0,Fuerte de Agra,4.5
El Star ferry es una compañía de barcos que traslada de kowloon a la isla de Hong kong en ferry. También ofrece un Tour llamado symphony of lights que cuesta $...,5.0,Star Ferry,4.5
The curry shop is a good place to enjoy a Japanese curry. To order your food there a machine that looks like an atm machine were you order and deposit the mone...,5.0,Curry Shop C&C Nishi-shinjuku 1chome,4.0
The Delhi airport express line is a very fast and cheap way to get to Delhi's airport. The time from the station to the airport is around 30 minutes compared t...,5.0,Delhi Airport Metro Express,4.5
"El mercado de Temple street en kowloon, Hong Kong es.un mercado nocturno en la calle Temple. Es uno de los mercados más famosos de la ciudad el cual cuenta con...",3.0,Temple Street Night Market,3.5
