"El hotel cuenta con una excelente ubicación en Guadalajara. El personal es atento y amable, siempre buscando satisfacción del huesped. El desayuno muy bueno y c...",5.0,Krystal Urban Guadalajara,4.5
"We are happy to be back at this shop! John and his team did an amazing job for me and my family. The staff is friendly, helpful and always with a big smile (Sho...",5.0,Christy Sports,4.5
"We are happy to be back at this shop! John and his team did an amazing job for me and my family. The staff is friendly, helpful and always with a big smile (Sho...",5.0,Christy Sports,4.5
"Visitamos el Hotel Del Coronado en agosto 2016, el clima en Coronado es excelente y el lugar excquisito, excelente , elegante y rápida atención de parte del sta...",4.0,Crown Room Brunch at Hotel del Coronado,4.5
"Varios amigos visitamos San Petersburgo en verano . El lugar por fuera es muy bonito, típica postal Rusa, pero por dentro todos los mosaicos son impresionantes,...",5.0,Savior on the Spilled Blood,5.0
"El restaurante es mediano y tiene suficientes mesas para sentarse, uno se forma a comprar su comida y paga al ordenar, después te llevan la comida a la mesa. El...",4.0,A Delight of France,4.5
"Me and my family rented our gear at Christys, we felt like home with the friendly staff always with a smile and good attitude! Special thanks to my man John for...",5.0,Christy Sports,4.5
"Me and my family rented our gear at Christys, we felt like home with the friendly staff always with a smile and good attitude! Special thanks to my man John for...",5.0,Christy Sports,4.5
"We come here every ski trip, my favourite is the buffalo chicken! The staff is friendly and the service is fast. The food is amazing and the place has a nice de...",4.0,Blue Moose Pizza Vail,4.0
El hotel tiene una excelente ubicación (no mas de 15 minutos manejando o hacia Disney o Universal Studios) También esta muy muy cerca de Sea World. Los cuartos ...,4.0,Marriott's Grande Vista,4.5
"El parque es bastante grande con el hermoso árbol que lo caracteriza. La montaña rusa de Everest es imperdible,recomiendo adquirir o reservar fastpass ya ...",4.0,Disney's Animal Kingdom,4.5
La Arena es 100% vanguardista con fácil acceso a todas las zonas divididas por varios pisos (parece centro comercial) baños prácticamente cerca de todas las p...,5.0,Amway Center,4.5
"El parque es bastante grande pero tiene muy buenas atracciones, el viaje a Marte muy divertido (recomiendo el verde para niños y el naranja para adultos) .Soar...",4.0,Epcot,4.5
"He tenido el gusto de poder ver el show 3 veces, simplemente es impresionante! El escenario esta adecuado para que independientemente del lugar donde estes sent...",5.0,The Beatles - Love - Cirque du Soleil,4.5
We had the salmon bun! It was huge and delicious! Had a regular milkshake and it was sooo amazing also! Big plates and huge portions. Def coming back!,4.0,Holsteins,4.5
"Estuve en este hotel para una boda en el centro de San Miguel, la distancia a las principales atracciones no es mucha, en 10 minutos caminando estás en el centr...",4.0,Real de Minas San Miguel de Allende,3.5
"El hotel es impresionante físicamente, las dos torres son muy bonitas lo que dan a los cuartos una excelente vista. Estuvimos en el piso 18, una habitación ampl...",5.0,Manchester Grand Hyatt San Diego,4.5
Nice and classic bar with an excellent view of the Bay including the Midway. Shout out to my buddy Jonathan Blose! Thats what I call service! The sunset is beau...,5.0,Top of the Hyatt,4.0
"The line might be long sometimes specially on holidays but trust me its worth it!!It is also a cozy spot with the fire, you can sit around and eat your crepe, T...",5.0,Crepes A La Cart,4.5
"El hotel es imponente desde que llegas. Toda una experiencia de lujo por un precio muy accesible. El staff es amigable y jovial, un detalle que me gustó mucho f...",5.0,JW Marriott Panama,4.0
"El Canal es muy bonito e interesante, como tip los estudiantes pagan $10 USD. Recomiendo Miraflores Locks para poder verlo desde la parte de arriba, también se ...",4.0,Canal de Panamá,4.5
"La cinta costera se ve muy bonita, mucho mas de noche ya que los leds la iluminan completamente. Se alcanza a ver el skyline de Panamá que es una excelente vist...",4.0,Cinta Costera,4.5
"Me gustó mucho el Hard Rock, es un estilo americano 100%, excelente servicio (sobresaliente del pésimo servicio panameño en general) los precios son un poco ele...",4.0,Hard Rock Cafe Panama,4.0
"Tuvimos unas excelente vacaciones en el Grand Timber Lodge. Es un hotel con muy buenas instalaciones, y muy cerca de Beaver Run. Entre las cosas que más me gust...",4.0,Grand Timber Lodge,4.5
"Mi novia y yo nos hospedamos en este hotel en Semana Santa, las atenciones de parte del personal son excelentes en todo momento. Se cuenta con un concierge por ...",4.0,Grand Luxxe at Vidanta Nuevo Vallarta,4.5
"Estando tan cerca de algo tan comercial como Puerto Vallarta es obligado a ir a Marietas. Recomiendo llegar a Punta Mita, ""instalarse"" en algún restaurante y ne...",5.0,Islas Marietas,4.5
"Marlin es una gran persona, tiene todo controlado, desde llegar temprano a The Bean para contemplarlo sin gente hasta llevar el paso necesario para principiante...",5.0,City Running Tours-Chicago,5.0
"Mi novia y yo pedimos una recomendación al staff de nuestro hotel, queríamos algo local 100% algo donde ellos fueran con sus familias, fuera de los ya muy tradi...",4.0,Titi's,4.5
"Encontramos Vallarta Eats por medio de TA. Me comunique con Eric, quien muy amablemente me envió un correo con los datos de encontrarnos y reservamos el tour. A...",4.0,Vallarta Eats Food Tours,5.0
"Excelente show, toda la noche si hay la posibilidad, paga la barra libre, it is worth every penny",5.0,Coco Bongo Playa del Carmen,4.5
