"El lugar muy cómodo, el servicio muy bueno, la presentación, sabor y calidad excelente!! Pero en lo personal las porciones son muy chicas-pequeñas- insuficiente...",4.0,Barrio Shibuya,4.5
"Fui a probar las Tlayudas!! Están muy ricas, pero su costo es algo alto, porqué son Tlayudas, pues? Regrese a probar el desayuno y me encantó!! El chocolate e...",4.0,Pasillo de Humo,4.5
Una carta muy muy basta que quieres todo!! Lo bueno para la gente poco conocedora de comida japonesa-tailandesa etcétera es que viene con imágenes cada platillo...,4.0,Mog Bistro,4.5
"Me encanta! Es una de las opciones saludables más accesible 💰💸, puedes desayunar, comer o cenar por 120-160 pesos. Recomiendo la ensalada Mona Lisa 🥗🤤 y el...",4.0,Frutos Prohibidos Condesa,4.0
"Me encantó! La atención, el lugar que aunque es muy pequeño no importa! Los jugos, café, el aroma del lugar... me encanto! Todo muy rico y exquisito 🔥 Es Bue...",5.0,Que Seria de Mí,4.5
"Probé barra fría (porqué soy Sinaloense, y en nuestra tierra esa es la especialidad) ... Aguachile combinado, muy basto y rico. Tostada mitotera es personal per...",5.0,Camaron Guasaveño,5.0
"Los alimentos están bien, nada extraordinario para el tiempo de espera (40 min aprox), fuimos a desayunar. El café estaba muy tibio. Lo que sí está muy rico es...",3.0,Maque,4.0
"Totalmente malinches :( fui en domingo, en plan de desayuno dominical 10 am, éramos los únicos mexicanos, mal servicio, tuvimos que elegir nuestra mesa, esperar...",4.0,El Balcón del Zocalo,4.5
"He ido 4 veces es un must to go cuando vienes a la Ciudad de México ... la infraestructura, las colecciones por piso... y ahora la puerta del infierno ... recom...",4.0,Museo Soumaya,4.5
Tienen el sazón de unos buenos mariscos 🦐 sinaloenses!! Y se trajeron las torres.. que serán para la próxima visita!! Recomendados! 😎,4.0,Mariscos Chayito,3.5
"Me tocó probar lo Fish 🐠🦐🐟🐙 porqué lo visité en pascua... Atención y Servicio excelente, tiempo de espera para mesa (teníamos reservación) 5 min, porciones ...",4.0,Puerto Madero Polanco,4.5
"Atención y servicio del personal cálido, atentos y amables!! Sabor, calidad y presentación de los platillos la verdad son muy ricos 🤤!! Solo que creo debí pedi...",4.0,Azul y Oro,3.5
"Un hotel que cumple su función de sólo dormir, baño con agua caliente, y estar bien ubicado! Cuenta con estacionamiento! El elevador mmmh funciona cuando puede...",3.0,Hotel Montemar,3.0
"Es un hotel nuevo por lo tanto esta en excelentes condiciones, cuenta con habitaciones amplias, camas cómodas, minisplit, abanico de techo, closet amplio, lo me...",4.0,Punto Madero Hotel & Plaza,4.0
"Hablando de restaurants de cortes de carne, en mi experiencia uno de los mejores que tiene Culiacán (aunque no había Bife de Chorizo que es uno de mis preferido...",5.0,Mochomos Culiacán,4.5
"Un restaurant que debes visitar si vienes a Mazatlán, Culiacán, Los Mochis o Escuinapa Sinaloa!! Sabor exquisito, platillos suficientes variados y su panadería ...",5.0,Panama,4.5
"Definitivo si gustas un buen ""café de la olla"" en cualquier sucursal de las 5, lo vas a degustar, en cuanto a la calidad y presentación de los alimentos, la ate...",3.0,El Gallito,4.0
"Es un restaurant-bar que tiene promociones TODA la semana, la calidad y presentación de los alimentos es buena, acepta tarjetas de crédito y débito! Y es una bu...",4.0,FULL HOUSE BURGERS SALADS AND WINGS,4.0
"Pizzas 🍕 a la leña 👌🏽 exquisitas, lo que usualmente recomienda probar!! Pero en general Lo que ordenes de la carta tiene buen sabor y cantidad!! Tiene Buen s...",4.0,El Caprichito Pizzas & tapas,4.0
"Primera vez que lo visito! Y dicen que las primeras impresiones son buenas y fue buena 👌🏽!! La atención del personal, la calidad y el sabor del sushi 🍣 me gu...",4.0,Enji sushi & drinks,4.5
