"""Impresionante"" ha sido el mejor calificativo que encontré para este precioso restaurante. Muchos lo visitan por la ubicación, porque es cierto, la vista es pre...",5.0,Daiquiri Dick's,4.5
"Pese a estar en el bullicio de Olas Altas, puedes disfrutar tranquilamente del libro de tu elección que proviene de su amplia oferta de títulos al interior del ...",4.0,A Page in the Sun,4.5
"La mejor oferta de bares, restaurantes, calles de reliquia y centros de todo tipo de entretenimiento en Vallarta está en esta zona.",5.0,Olas Altas,4.5
"Este sitio específicamente en Vallarta ofrece el mejor entretenimiento gratuito, pues es un punto muy clásico de reunión. Aquí se entretetiene a los niños con s...",5.0,Plaza de las Armas,4.5
"Si eres turista y quieres apreciar la vida marina fácilmente este es el lugar, el oleaje es calmado y el agua no es tan densa, además de que es un hogar del pe...",5.0,Los Arcos,4.5
Sus hamburguesas no cabe duda de que son riquísimas. Es una muy buena opción para asistir y con unos tragos disfrutar de toda la variedad tan bien elaborada. El...,5.0,Cuarto de Kilo,4.0
"Mi pareja y yo nos hemos convertido en adictos a su café, cada vez que podemos asistimos a probar algo de su repertorio, sus postres son deliciosos y su café si...",5.0,Moli Café,5.0
Llevo años recomendando Las Adelitas tanto a extranjeros que desean probar una buena y auténtica comida mexicana así como a nacionales que quieren desayunar del...,5.0,Las Adelitas,4.0
"Sinceramente es cansado y algo confuso llegar hasta la cima del mirador, pero vale mucho la pena pues la vista y la sensación de estar ahí arriba son grandiosas...",5.0,Mirador de La Cruz,4.5
Siempre que vago por la Zona Romántica de Puerto Vallarta y no encuentro algo convincente para cenar decido asistir a Café San Ángel pues sé ya que terminaré ce...,5.0,Café San Angel,4.5
Por las mañanas este pequeño hotel ofrece un desayuno muy delicioso para público en general en una ubicación muy privilegiada. El interior resalta de lo lindo p...,5.0,La Mision,4.5
"Sus tacos, volcanes y quesadillas son riquísimos. El pastor de verdad te deja un muy buen sabor y sabes que es auténtico. Los precios son accesibles para tan ri...",5.0,El Carboncito and Street Food,4.5
"Una vez que te vas de fiesta y con tus amigos buscas un punto de reunión como pre-copa, Los Muertos Brewing es el lugar indicado. Su cerveza artesanal y sus ali...",5.0,Los Muertos Brewing,4.0
"He cenado ya varias veces en Basilio Comer y Beber y nunca me decepciona. El concepto rústico ero elegante a la vez es mi aspecto favorito, así como la atmósfer...",5.0,Basilio Comer & Beber,4.5
"La comida es auténticamente mexicana y por ende deliciosa, basta y resalta de otros establecimientos pese a que en mi visita la calle haya estado en remodelació...",5.0,La Parrilla de Villa Versalles,4.5
No me canso de repetir que La Langosta Feliz -en palabras de un local fanático del buen comer- es el mejor restaurante de mariscos de Puerto Vallarta. Todos sus...,5.0,La Langosta Feliz,4.5
"Soy un amante de la comida japonesa, y siempre que había asistido a Kashi Sushi quedaba completamente satisfecho, pero los platillos que ordené en la última oca...",4.0,KashiSushi,4.0
"Definitivamente es una maravilla natural mexicana, me voy completamente satisfecho con la experiencia en Islas Marietas pues tuvo el gusto de admirar la belleza...",5.0,Islas Marietas,4.5
"Acabo de asistir a Los Conos el fin de semana pasado y debo decir que he quedado muy satisfecho con el restaurante, la comida es buena y basta, pero su servicio...",5.0,Los Conos Restaurant Bar,4.5
"He asistido en repetidas ocasiones al FoodPark y siempre me voy con mi paladar y mi oído muy contentos. Vallarta necesitaba este concepto, un lugar al aire libr...",5.0,Food Park Puerto Vallarta,4.0
