"volver y saber que tendremos un servicio extraordinario o tiene precio, ya que todas las personas que traté fueron muy atentos, cálidos y amables. Se siente uno...",5.0,Sheraton Santo Domingo Hotel,5.0
"volver y saber que tendremos un servicio extraordinario o tiene precio, ya que todas las personas que traté fueron muy atentos, cálidos y amables. Se siente uno...",5.0,Sheraton Santo Domingo Hotel,5.0
"volver y saber que tendremos un servicio extraordinario o tiene precio, ya que todas las personas que traté fueron muy atentos, cálidos y amables. Se siente uno...",5.0,Sheraton Santo Domingo Hotel,5.0
"volver y saber que tendremos un servicio extraordinario o tiene precio, ya que todas las personas que traté fueron muy atentos, cálidos y amables. Se siente uno...",5.0,Sheraton Santo Domingo Hotel,5.0
"nuevamente es una grata experiencia visitar los amigos de Hard Rock Punta Cana, agradecimiento especial al sr Gerardo de Groot y al sr Boutouba, espectacular h...",5.0,Hard Rock Hotel & Casino Punta Cana,4.5
"nuevamente es una grata experiencia visitar los amigos de Hard Rock Punta Cana, agradecimiento especial al sr Gerardo de Groot y al sr Boutouba, espectacular h...",5.0,Hard Rock Hotel & Casino Punta Cana,4.5
"me encanta volver al Sheraton Santo Domingo, porque la atencion es de primera, en especial en el restaurante casabe el servicio es inmejorable, en esta oportuni...",5.0,Sheraton Santo Domingo Hotel,5.0
"me encanta volver al Sheraton Santo Domingo, porque la atencion es de primera, en especial en el restaurante casabe el servicio es inmejorable, en esta oportuni...",5.0,Sheraton Santo Domingo Hotel,5.0
"me encanta volver al Sheraton Santo Domingo, porque la atencion es de primera, en especial en el restaurante casabe el servicio es inmejorable, en esta oportuni...",5.0,Sheraton Santo Domingo Hotel,5.0
"me encanta volver al Sheraton Santo Domingo, porque la atencion es de primera, en especial en el restaurante casabe el servicio es inmejorable, en esta oportuni...",5.0,Sheraton Santo Domingo Hotel,5.0
"No se puede dejar de visitar es muy hermosa, la zona es muy bonita al rededor hay otros monumentos dignos de visitar",5.0,Basilica Cathedral of Santa Maria la Menor,4.5
"la zona colonial es muy bonita, aunque aun faltan ordenanzas y limpeza en la zona en general, el tema de basura esta un poco descuidado, asi como la vigilancia ...",5.0,Parque Colon,4.5
"No hay nada mejor que regresar a un hotel y sentirse en casa, en Sheraton Santo Domingo, se siente esto, es acogedor y sobre todo la atención de la gente, en es...",5.0,Sheraton Santo Domingo Hotel,5.0
"No hay nada mejor que regresar a un hotel y sentirse en casa, en Sheraton Santo Domingo, se siente esto, es acogedor y sobre todo la atención de la gente, en es...",5.0,Sheraton Santo Domingo Hotel,5.0
"No hay nada mejor que regresar a un hotel y sentirse en casa, en Sheraton Santo Domingo, se siente esto, es acogedor y sobre todo la atención de la gente, en es...",5.0,Sheraton Santo Domingo Hotel,5.0
"No hay nada mejor que regresar a un hotel y sentirse en casa, en Sheraton Santo Domingo, se siente esto, es acogedor y sobre todo la atención de la gente, en es...",5.0,Sheraton Santo Domingo Hotel,5.0
"Me gusto mucho el hotel, excelentes instalaciones y muy buen servicio, la atención en el ,área de Club Sheraton fue fabulosa, muy buena ubicacion en Santo Domin...",5.0,Sheraton Santo Domingo Hotel,5.0
"Me gusto mucho el hotel, excelentes instalaciones y muy buen servicio, la atención en el ,área de Club Sheraton fue fabulosa, muy buena ubicacion en Santo Domin...",5.0,Sheraton Santo Domingo Hotel,5.0
"Me gusto mucho el hotel, excelentes instalaciones y muy buen servicio, la atención en el ,área de Club Sheraton fue fabulosa, muy buena ubicacion en Santo Domin...",5.0,Sheraton Santo Domingo Hotel,5.0
"Me gusto mucho el hotel, excelentes instalaciones y muy buen servicio, la atención en el ,área de Club Sheraton fue fabulosa, muy buena ubicacion en Santo Domin...",5.0,Sheraton Santo Domingo Hotel,5.0
"Nuevamente visite el Bruch del Hotel Sheraton, y continua siendo excelente, un gran servicio, mucha variedad de comida, musica en vivo con el mariachi, ideal pa...",5.0,Sheraton Buganvilias Resort & Convention Center,4.5
"Nuevamente visite el Bruch del Hotel Sheraton, y continua siendo excelente, un gran servicio, mucha variedad de comida, musica en vivo con el mariachi, ideal pa...",5.0,Sheraton Buganvilias Resort & Convention Center,4.5
"Nuevamente visite el Bruch del Hotel Sheraton, y continua siendo excelente, un gran servicio, mucha variedad de comida, musica en vivo con el mariachi, ideal pa...",5.0,Sheraton Buganvilias Resort & Convention Center,4.5
"Excelente restaurante, muy bueno, la comida y el servicio es muy bueno. el ambiente en general es muy agradable.",5.0,Gaviotas,4.5
"definitivamente para mi la mejor playa de Puerto Vallarta, muy bonita, excelente vista poca roca en la arena, y cerca de otros lugares interesantes",5.0,Playa las Gemelas,4.5
"Estuve este domingo 23 de marzo en el brunch dominical del sheraton Buganvilias y el ambiente esta excelente, el mariachi, la comida muy variada y con increible...",5.0,Sheraton Buganvilias Resort & Convention Center,4.5
"Estuve este domingo 23 de marzo en el brunch dominical del sheraton Buganvilias y el ambiente esta excelente, el mariachi, la comida muy variada y con increible...",5.0,Sheraton Buganvilias Resort & Convention Center,4.5
"Estuve este domingo 23 de marzo en el brunch dominical del sheraton Buganvilias y el ambiente esta excelente, el mariachi, la comida muy variada y con increible...",5.0,Sheraton Buganvilias Resort & Convention Center,4.5
"Excelente servicio, me encanto la comida y el buffet, el brunch es muy bueno con el mariachi, y toda la comida en general me gusto mucho, el hotel es muy bonito...",5.0,Sheraton Buganvilias Resort & Convention Center,4.5
"Excelente servicio, me encanto la comida y el buffet, el brunch es muy bueno con el mariachi, y toda la comida en general me gusto mucho, el hotel es muy bonito...",5.0,Sheraton Buganvilias Resort & Convention Center,4.5
"Excelente servicio, me encanto la comida y el buffet, el brunch es muy bueno con el mariachi, y toda la comida en general me gusto mucho, el hotel es muy bonito...",5.0,Sheraton Buganvilias Resort & Convention Center,4.5
"la comida espectacular y la atencion es muy buena, el ambiente en general me gusto mucho y no dejen de probar los coscorrones",5.0,8 Tostadas Estadio,4.5
"todo me gusto, desde el paseo en el barco hasta la espectacular vision de las marietas y las playas tranquilas todo muy bonito",5.0,Islas Marietas,4.5
"Excelente el fin de semana en este hotel, la calidad en la atención ha mejorado mucho desde mi anterior visita, de igual manera se ve otro ambiente, la comida t...",5.0,Hotel Paradise Puerto la Cruz,3.5
"Fueron las mejores vacaciones en familia, el hotel es fabuloso, grande con mucha variedad para comer, la playa es hermosa y tiene muchas opciones de piscinas pu...",5.0,Hard Rock Hotel & Casino Punta Cana,4.5
"Fueron las mejores vacaciones en familia, el hotel es fabuloso, grande con mucha variedad para comer, la playa es hermosa y tiene muchas opciones de piscinas pu...",5.0,Hard Rock Hotel & Casino Punta Cana,4.5
"love this place, excelent staff, and excelent view,",5.0,Villas Sol Hotel And Beach Resort All Inclusive,3.5
