"El hotel realmente para mi gusto y el de mi familia estuvo muy bien, si tienes niños es la opcion para tu viaje, ya que cuenta con un club para niños pequeñitos...",4.0,Crown Paradise Club Puerto Vallarta,4.0
Llegamos a la plaza buscando unos shorts para mi hija y la verdad nos sorprendimos Liverpool tiene muchas cosas diferentes y que otros de Ciudades del Bajio no ...,4.0,Galerias Vallarta Shopping Mall,4.0
"La verdad para mi gusto es un lugar romantico sobre todo al atardecer, excelente para una caminata, fotos y dejarte perder en el tiempo. Claro que hay vendedore...",5.0,Los Muertos Pier,4.5
"Esperaba mucho mas de este hotel, si esta grande, si tratan de darle un estilo de lujo, pero en verdad deja mucho que desear, si no vas con la expectativa de en...",3.0,Hotel Riu Emerald Bay,4.0
"Este hotel es nuestro consentido ya que van 8 veces que venimos a este mismo hotel, excelente para familias con niños ya que tienen area para que ellos se entre...",5.0,Meliá Puerto Vallarta,3.5
