What to be expected from this huge store. Prices are high of course but they have pretty much everything you could be looking for Disney.,4.0,World of Disney,4.5
Drinks are expensive with no specials. Food is ok and good location.Service is great except for one female server.,4.0,Calypso's Pool Bar & Grille,4.0
Very enjoyable family resort. Everyone followed social distancing guidelines as well as the hotel being constantly cleaned. Rooms were large enough for at least...,5.0,Caribe Royale Orlando,4.5
Fantastic fun for the whole family. We all had a great time and staff was unbelievable all around. Will go back soon for sure.,5.0,Camelbeach Mountain Waterpark,4.0
We loved it especially the Water Park. Staff is fantastic and Hotel is great. Easy to park and check in. Restaurants are decent and lot's of others nearby as we...,5.0,Camelback Lodge and Indoor Waterpark,4.0
Fantastic seafood and service in a really cute restaurant. Super fresh and really good specials as well. Can also sit outside and BYOB. Prices are reasonable an...,5.0,Jacks Seafood Shack & Oyster Bar,4.0
Lines go out the door at times but they take orders on the line and it moves fast. Can be hard to get a seat as well.,4.0,Chick-fil-A,4.5
"Great amusement park for younger kids especially. Overall has it all with plenty to do, food and of course the beach.",5.0,Jenkinson's Boardwalk,4.0
We always really enjoy the place for the ice cream. Good selection and very nice staff. You won't be disappointed.,5.0,Hoffmans Ice Cream,4.5
"Hotel was fantastic all around. Great location, staff and room. Enjoyed the pool as well just very slippery around the edges. They really should put down some ...",5.0,Renaissance Baltimore Harborplace Hotel,4.0
Lots of options for sitting and eating with multiple areas inside and out. Can be quite pricey but do have some happy hour discounts for drinks.,5.0,Phillips Seafood,4.0
Overall always fun but they are still renovating parts and it makes it hard to access. Strollers are hard to use as well because for some crazy reason so areas ...,5.0,Inner Harbor,4.5
Needs better system to get a table. Ran out of beepers when we were there and won't use text system like others in the area. Wanted people to come back just to ...,4.0,The Cheesecake Factory,4.0
Most seats are good and prices are fair. Walking distance from most places in inner harbor. Decent food options as well.,5.0,Oriole Park at Camden Yards,5.0
Unbelievable aquarium. Buy tickets online to save the wait outside. Must check strollers at entrance so beware because place overall is tight with lots of escal...,5.0,National Aquarium,4.5
Not bad for a theme restaurant. Food and drinks are a bit pricey but that's the norm in the inner harbor restaurants along the waterfront. Fun theme if you like...,4.0,Bubba Gump Shrimp Company,3.5
"Great food, coffee and decor. Super friendly staff and fresh delicious food and coffee. Best coffee house in town.",5.0,Filicori Zecchini,5.0
Nice but usually not much to see if there is not an event going on. Don't skip going next door for a hot dog at Blvd Hot Dogs.,3.0,The Landmark Loew's Jersey Theatre,5.0
Don't miss this spot if your in the Journal Square area. Best grilled hot dogs around. Get them with the chili.....,5.0,Boulevard Drinks,5.0
Nice spot in Liberty State Park and great for pictures. Easy to park in the area and walk right over.,5.0,Flag Plaza,5.0
"Ok, but not much to see. Lot's of other stuff around and great area for picture taking. Waterfront area is beautiful.",3.0,Katyn Forest Massacre Memorial,4.0
Average mcdonald's but this one can get quite busy because of the location across from the train station,3.0,McDonald's,4.0
updated place with some seating. Still subs are average at best. Can get busy because of the location by the train.,3.0,Subway,4.0
An average Taco Bell but service is hit or miss. Has been updated but parking sometimes is a bit tight.,3.0,Taco Bell,3.5
Interesting selection of items. Try it out for a quick snack. Hard to park near this place so beware.,4.0,Golden Krust,4.0
Average Blimpie base in a busy location by school and businesses. Hard to park in the area as well so beware.,3.0,Blimpie,3.0
Always a pleasant experience. Nice not to be penny pinched like United Airlines. Able to carry on for free and a personal item no problem or cost. This was espe...,4.0,JetBlue,4.0
Nice views from here. Have a few good restaurants as well but you will have to pay for parking if you don't get validation.,3.0,Liberty Landing Marina,4.5
Bar food but super good and somewhat affordable. Bar has nice selection of beers and wine as well. Parking is hard in the area.,4.0,White Star,4.0
Great location but not too much to see inside. It's semi open so not great on cold or rainy day's. Good views outside.,3.0,Central Railroad of New Jersey Terminal,4.0
Nice location in Liberty State Park overlooking New York City. Food is good but not too cheap as expected for location.,4.0,Maritime Parc,4.0
Nice small place to grab a quick bite. Food is very good. Very hard to park in the area so beware and check all signs.,4.0,Two Aprons,4.5
Great place for fresh brewed coffee and snacks. Prices are ok but parking in area is very limited so beware of all signs.,4.0,Legal Grounds,4.5
Very good food and place has been around a very long time. Super hard to park in the area so beware and read all signs.,4.0,Honshu,4.5
Excellent food and large selection. Place has been around a very long time in an area that is constantly changing.,5.0,City Diner,4.5
Primarily a bar but some food is good. Beer and cider selection is very large and some interesting selections.,3.0,Hopsscotch,3.0
One of the best places in Jersey City and critics rank it very high in the state. Interesting pizza selections.,5.0,Razza Pizza Artigianale,4.5
Same as most chain locations. Good for a quick drink or bite. Very small location but room outside to eat.,3.0,Au Bon Pain,3.5
My son loved it. Lots to see. Not too huge but lots of stuff and some for sale. Easy parking and right off highway.,4.0,Sports Immortals Museum,4.0
Something for everyone and excellent tasting large portions. Love the desserts but most of the time to stuffed to order any.,5.0,The Cheesecake Factory in Boca Raton,4.0
