"Estuve ahí por tres días en el paquete todo incluido por una actividad deportiva del trabajo y las habitaciones limpias, buena comida en el buffet, Actividades ...",5.0,Barceló Maya Beach,4.5
"La ambientación del hotel es pintoresca y agradable, las camas están limpias y no tuvimos ningún problema. Nos quedamos un grupo de amigos, incluso nos proporci...",4.0,Hotel Colorado,4.5
"La atención de inicio con botones y recepción es excelente, Eramos un grupo muy grande, el cual teníamos planeados varios eventos deportivos, las canchas no est...",4.0,Marival Emotions Resort & Suites,4.0
"Es preferible ir en un tour no comercial (que son de 100 personas), Contratar un tour privado como para 5 personas que además te ayudarán al momento de ingresar...",5.0,Islas Marietas,4.5
"El lugar es bonito y elegante, el servicio al cliente sin queja alguna la verdad vale la pena darse la oportunidad de ir a Laja. Probé la degustación de 8 tiemp...",4.0,Laja,4.5
desconocido,5.0,Covacha Burgers & Grill,5.0
Whenever I come to Loreto I go at least once to dinner at Asadero Super Burro. I love arrachera steak and the corn tortilla freshly made by hand. The portions a...,5.0,Asadero Super Burro,4.5
"Hay ciertos platillos que volvería a comer aquí, uno de ellos su sopa de tortilla, Sin embargo las últimas dos visitas los cortes de carne dejaron mucho que des...",3.0,Orlando's Restaurante,4.5
