"If you have never seen O at the Bellagio, you will love the show. Beautifully done but similar water theme as O. Be sure to sit at the top of the theater so y...",4.0,Le Reve - The Dream,4.5
"Fabulously done. Well documented history of the MOB in Las Vegas and of Las Vegas. Perfect place to go on a hot day, Parking is limited there.",5.0,The Mob Museum,4.5
Fabulous show for all ages. Great way to introduce new generations to the marvelous songs of Beatles. Cirque did a great job of interpretating the songs with c...,5.0,The Beatles - Love - Cirque du Soleil,4.5
It was fun and educational at the same time. You might think a star is known for one thing but was honored for another media. You can see old as well as new. ...,5.0,Hollywood Walk of Fame,3.5
"Saw the sign after driving the Mulloland Drive, It is nice but not worth going out of your way. It is only famous for media advertisings and movies. Nothing ...",3.0,Hollywood Sign,4.0
We took the free tour of the building that was build by Frank Geary. It was incredible how the inside is different from the outside. If you are an architectur...,5.0,Walt Disney Concert Hall,4.5
We took the dinner cruise on our first trip to PVR and had a great time. The trip over to island was enjoyable and saw the sunset. Drinks and snacks were prov...,5.0,Rhythms of the Night by Vallarta Adventures,4.5
The Getty Center is an experience unlike other fine museums around the world. The arts. architectures and the gardens are all part of the total experience. I ...,5.0,Centro Getty,5.0
It's a foodie paradise. The restaurant is an fine dining place set up on a hill with panoramic views from all angles. The service was impeccable. The foods we...,5.0,Getty Center Restaurant,4.5
"I was there for my nephew's graduation from AFI. Although I have seen the foot and hand prints many time, but never been inside. It was experience for a movie...",5.0,TCL Chinese Theatres,4.0
"This was a nice change from Eddie, both serve Lebanese food. The restaurant also serve Italian. Altho we were the only one there, we had a wonderful meal. My...",4.0,Mediterraneo,4.5
"Beautiful place to snorkel. Took Vallarta Adventure to the island, we were treated to lunch and unlimited drinks. It was a great day",4.0,Islas Marietas,4.5
"Being ""local"", this is one of the best buffets this town has to offer. yes, it's a little pricey but the quality of the foods justify the price. The crab legs...",5.0,Bacchanal Buffet,4.0
"It's mostly Italian food but family style. The place is noisy and boisterous. Every thing we had were delicious, especially the bolognese sauce. OMG, I still...",5.0,Carmine's Italian Restaurant,4.5
The restaurant has a lot of charms and cheerful. Very low-key and relaxing. The waitress was very informative and dead on with her recommendation. We had a d...,4.0,Yellow Cello Cafe,3.5
"Celebrated my birthday. We were very pleased from the moment we sat down to when we left. Everything went perfectly well. The foods were delicious and yummy,...",5.0,Giada,4.0
"After a great tour at Fenway Park, we stopped by Sweet Cheeks by Tiffany Faison of Top Chef. We had a great lunch. My brisket sandwich was excellent. The set...",4.0,Sweet Cheeks Q,4.0
"We stayed 3 nights before our cruise. The location, although, off the beaten path, was ideally located very close to ""T"", so it wasn't an issue. The staff was...",4.0,enVision Hotel Boston - Longwood,4.5
"The church is full of history and is associated with Paul Revere. If you are a history buff, be sure to attend one of their lectures.",4.0,Old North Church & Historic Site,4.5
"We were recommended to go here by the team at The enVision Hotel Boston. Nick recommended the wild mushroom ravioli which were delicious. However, one of my f...",3.0,The Mission Bar & Grill,4.0
"Went to Seattle for a visit. Friends took us there and wow, it was fun and delicious. Had their tacos. Wonderful. View from their patio was awesome. You ca...",4.0,Marination Station,4.5
"When we checked in the Westin, the hotel gave us an upgrade to river view. The room was typical Westin room, clean and modern. After the first night, I called...",4.0,The Westin Washington National Harbor,4.0
Typical hotel restaurant but the service was excellent despite having to serve two tables of 10 people each.,4.0,Sauciety,3.5
You can always count on getting a good meal at McCormick & Schmick. This location upheld its reputation for being good and affordable.,4.0,McCormick & Schmick's Seafood & Steaks,3.5
"This is my first negative review. Normally I wouldn't bother, but I felt I needed to. After most of the reviews, I decided to take my wife and another couple ...",1.0,McLoone's Pier House,3.5
It was like a little city. Stayed at the Westin for a wedding at Oxon Manor. Perfect place for us to stay. Plenty places to eat and to shop.,4.0,Harborfront Area,4.0
"Everything was just perfect from having my table waiting for me to the desert. The food was outstanding, my wife had duck and I had the special, Turbot. Absol...",5.0,Fat Canary,4.5
Very interesting menu prepared by Chef David Everett. It was a nice change from the standard restaurant menu.,4.0,DoG Street Pub,4.0
Found this restaurant by using Yelp as the closet restaurant to where I was. Don't let the appearance deter you from trying it out. You have to walk through a...,5.0,Foode,4.5
We stayed at the Market Tavern off the Duke of Gloucester Street. We were in middle of everything which really enhanced our experience at Colonial Williamsburg...,4.0,Colonial Houses-Colonial Williamsburg,4.5
The four of us had an lovely and enjoyable meal. The waitress was exceptional and really add to our enjoyment. The menu was creative and clever. Everything f...,4.0,eat : an american bistro,4.5
Had lunch at Mon Ami recently with some friends. It was chaos in a good way just like a bistro in Paris. The foods were good and amble. Had some problems wit...,4.0,Mon Ami Gabi,4.5
A truly funny and entertaining show for the whole family. It has been a long time since I had a good belly laugh and Terry succeeded in making laugh out loud.,5.0,Terry Fator,4.5
A little gem in Summerlin. It's a great neighborhood restaurant with amazingly conceived entrees. There is something for everyone. You will not be disappointe...,5.0,Honey Salt,4.5
"This is a place you will want to go if you want high quality foods that are rarely found at a buffet. Although the buffet is smaller than most, you will not be...",5.0,Wicked Spoon,4.0
It has been 2 years since I visited this restaurant and it's still great. Took my son and his girlfriend for their first visit and they loved it. We only orde...,5.0,Fajita Republic,4.5
Wonderful restaurant on a beach. Went there for my birthday and had a great time. The sunset was spectacular. Great services.,4.0,Las Palomas,4.5
"This was my third time using this company and they never failed to deliver. I have taken Rhythms of the Night, San Sebastian and Marietas Eco Tours. All of th...",5.0,Vallarta Adventures,4.5
"I have always admired Chihuly but never understood what his designs were about. After visiting the museum, I can see what each glass represents, i.e., nature. ...",5.0,Jardín y cristal Chihuly,5.0
"Stopped by this restaurant after touring the museum. The food was very good, from appetizers to desserts. I especially love the collection of various items th...",5.0,Collections Cafe,4.5
