Good place with kind and friendly staff. Need to improve the exit to the beach (its old and not nice) and food. If you want to swim is not the part of the beac...,3.0,Costa Club Punta Arena,3.0
"Nice place to visit. Definetly unforgetable, swim under tha caves and then find the wonderfull beach. Wonderful landscape!!!",5.0,Islas Marietas,4.5
"Excelente playa por su vista para sacar fotos y pasar el dia alli. Siempre ir acompañado ya que el lugar es solitario, muy relajante. No apto para el baño debid...",5.0,Bottom Bay,4.5
"Excelnte lugar para disfrutar de la playa. Cuenta e la parte superior con el renombrado y lujoso hotel ""The Crane"", lo recomiendo 100%.",5.0,Crane Beach,4.5
"Excelente restaurant con una hermosa vista a la playa!! No es barato pero vale la pena cenar alli al menos una vez en su estadia a Barbados. Muy rica la comida,...",5.0,Champers Restaurant,4.5
"una hermosa vista, mar calido y con olas calmas apto para bañarse en todo momento!! muy cerca de St Lawrence Gap!",5.0,Hastings Beach,4.5
"Estuve alojada 6 noches. Muy bueno el hotel, excelente ubicación a una cuadra de la playa de copacabana y a unas 8 o 10 cuadras de Ipanema. El desayuno muy abu...",4.0,Copa Sul Hotel,4.0
desconocido,40.4,Santorini,40.4
"Este hotel es perfecto por la calides de su personal como la limpieza, y cercania a una de las mejores playas de Barbdos la playa de Worthing. Mi estadia en el ...",5.0,Palm Garden Hotel,4.0
