Todo muy rico y agradable. Su pastelería y panadería deliciosa. Y el trato muy amable. No te hacen esperar tanto,5.0,Ballaro,3.5
Si visitan la Ciudad de Monterrey no deben dejar de visitar este lugar. Es muy cerca de la ciudad y esta muy bonito.,5.0,Grutas de García,4.5
Es un restaurante que lo tiene todo. Muy acogedor. Muy rica la comida y la atencion excelente. Super recomendable.,5.0,Costiarracheras,4.5
Hay que darles oportunidades a estos restaurantes que empiezan. Muy rico desayuno todo preparado en el momento y jueves viernes y sabado en la noche buen ambien...,5.0,Cupcake Cafe Sweet Love Lindavista,4.5
Un hotel muy bonito. Todo limpio. Las habitaciones limpias. Sin ruido. Los restaurantes muy rica la comida. Hay que llegar con tiempo para emtrar a ellos. El re...,5.0,Hotel Riu Santa Fe,3.5
Es un paseo que no pueden perderse. Muy bonito lugar que tienen que conocer. La vista es hermosa. La playa muy bonita.,5.0,El Arco de Cabo San Lucas,5.0
Nos lo recomendaron y fuimos a comer. Todo muy rico. Un poco lento el servicio. Pero vale la pena visitarlo.,4.0,Los Fresnos Restaurant Bar,4.5
Fuimos a desayunar y la sorpresa no habia luz y el restsurante no cuenta con planta de luz. La comida x.,3.0,Restaurant Los Generales Valle Oriente,4.0
Muy rico todo. Muy bien servido. Recomendable. Sirven bastante bien. La pizza deliciosa.vale la pena visitarlo.,4.0,Don Asado,4.0
Muy bonito lugar para visitar ya sea caminar o subirse a una embarcacion.muy recomendable visitarlo y si es an atardecer o noche mejor.,5.0,Paseo de Santa Lucía,4.5
Muy bonito lugar. Me encantaron sus calles sus casas y tiene un mirador con una vista muy bonita. No deben de dejar de visitarlo.,5.0,Santiago,40.4
Este restaurant es uno de los preferidos de mi hija cada vez que visitamos Culiacan. Todo muy rico y el servicio muy bueno.,5.0,Tai Pak,3.5
Este restaurante sirve unos desayunos muy ricos. Los tacos de marlin al vapor deliciosos. El servicio un poco lento. Pero vale la pena esperar.,5.0,Restaurant QuinMart,4.0
Todo estuvo muy rico. Solo que hay que ir con mucha paciencia porue el tiempo de esper es muy largo. Mucha gente.,5.0,El Cardenal San Ángel,4.5
La comida estuvo rica pero como era domingo en la tarde 7.00 nos dijeron que la cocina cerraba a ls 7.30. Asi que hay que llegar temprano.,5.0,Alfredo Di Roma,4.5
Es uno de mis favoritos. Se come riquisimo desde las empanadas. La ensalada y los cortes de carne. Ademas de un buen servicio.,5.0,La Lena Argentina,4.0
Muy rico. Muy buen servicio. Riquisima la comida. Una vista muy bonita. Un rato muy agradable. Recomendable ampliamente. Tienen que visitar este lugar.,5.0,Frascati,4.5
Riquisimo lugar. Todo esta delicioso. Sobre todo las conchas. La nata y el chocolate. La atencion suer buena.,5.0,El Cardenal Alameda,4.5
Muy bonito. Solo que hay que llegar a buena hora. Porque en epoca de vacaciones mucha gente y largas filas.,5.0,Museo Frida Kahlo,4.5
Pagamos por una habitacion vista al mar. Y nos dieron una con vista pero a unas palmeras. La comida siempre la misma. Las bebidas regulares. La segunda noche n...,2.0,Grand Palladium Vallarta Resort & Spa,4.0
