"Hotel encantador, a 1 cuadra de la playa, pese a estar sobre la avenida Collins, en el centro de toda la movida de South Beach es un lugar tranquilo. Excelente ...",5.0,Blue Moon Hotel,4.0
"allí están los bares sobre las aceras, llenos de gente que quiere ver y ser vista. La casa de Versace que ahora es un hotel de lujo, allí está la playa y todos ...",5.0,South Beach,4.5
"si irás al Sawgrass, ni se te ocurra comprar aquí porque en el mega shopping encontrarás todo mucho más barato",4.0,Lincoln Road,4.5
"te atienden por teléfono de forma maleducada, no hablan castellano, te tratan mal. No los contraté pero luego pasan más temprano que las otras empresas por los ...",1.0,Sawgrass Mills Shuttle,4.0
"Después de leer muchísimos comentarios de viajeros, elegí la empresa Papillon porque me parecía la mejor ecuación precio-calidad. Y no me equivoqué, fue una exc...",5.0,Papillon Grand Canyon Helicopters,4.5
"No podés perdértelo, es absolutamente increíble! Un truco detrás de otro durante hora y media, no terminaste de reaccionar de uno que ya está levitando sobre el...",5.0,Criss Angel MINDFREAK,4.0
"Hay 6 shows de Cirque du Soleil al mismo tiempo en Las Vegas, elegimos O por ser diferente en cuanto a su formato (es un show acuático), y la verdad es que -com...",5.0,O - Cirque du Soleil,4.5
"Hermosa experiencia. La visita guiada es en inglés, pero te dan un papel con explicaciones en castellano de cada área de la casa. Leo que a algunas personas no ...",5.0,Museo de la Casa de Ernest Hemingway,4.5
"Si bien te dicen que verás miles y miles de mariposas, el lugar es pequeño y en verano es sofocante del calor que hace allí. Diría que es más grande la tienda d...",3.0,Key West Butterfly and Nature Conservatory,4.5
"Avión lleno. Vacaciones de invierno. Y un vuelo de 9 horas por delante. Ni bien despegamos, la azafata nos avisa que muchas de las pantallas individuales no fun...",3.0,Aerolíneas Argentinas,4.0
"Hotel excelente, con espaciosas habitaciones y excelente limpieza. Lo único que eché de menos, en un hotel de esta categoría, es un secador de cabello en el bañ...",5.0,Bellagio Las Vegas,4.0
Los shows son cada hora de 15 a 19 hs. y cada media hora de 19 a 24 hs. Las aguas danzas al ritmo de melodías conocidas de todas las épocas. Emocionante!,5.0,Fuentes del Hotel Bellagio,4.5
"Un jardín botánico increíble dentro del hotel Bellagio. Entrada gratis, las 24 hs del día. No es muy grande pero es encantador.",5.0,Bellagio Conservatory & Botanical Garden,4.5
"pasear por el Strip, aún a 45 grados en verano, es una experiencia única. Te cruzás con todo tipo de gente, pasás por todos los hoteles y tiendas y estás EN el ...",5.0,The Strip,4.5
"Si estás en un hotel por la parte sur o central del Strip, te podés tomar el monorail que te acerca a esta torre. Te cobran el acceso a la torre (en la planta b...",5.0,Stratosphere Tower,4.5
"Linda experiencia, podés tocar y sacarte fotos con todas las estatuas de cera. Hay muchísimas y algunas son exactas a la persona real. La entrada es cara (25 dó...",5.0,Madame Tussauds - Las Vegas,4.0
"En nuestro caso, contratamos a la empresa Papillon para recorrerlo en helicóptero. te pasan a buscar por tu hotel en las Vegas, te llevan a un aeropuerto en Bou...",5.0,Red Rock Canyon National Conservation Area,4.5
"Está dentro del shopping Palma Real, al lado del hotel Meliá. Conociendo otros Hard Rock Café, este no tiene nada de especial. La comida estuvo bien, pero me mo...",3.0,Hard Rock Cafe - Punta Cana,4.5
"Pequeño parque ecológico dentro de Cap Cana. Tiene varias actividades para hacer: buggies, visitar un cenote, visitar el hoyo azul, tirolesa, mountain bike, pas...",5.0,Scape Park at Cap Cana,4.0
Es un hotel que destaca por la calidad de atención de sus empleados. Tuvimos algunos inconvenientes durante nuestra estadía que fueron subsanados amablemente po...,4.0,Meliá Puerto Vallarta,3.5
"tradicional, pintoresco, para pasear y comer algo rico, muchos vendedores que persiguen a los turistas",3.0,Malecón Boardwalk,4.5
"puedes contratar la excursión, estar 10 horas sobre un barco y nunca pisar tierra, como fue nuestro caso...al llegar a las marietas, la marea estaba muy alta po...",3.0,Islas Marietas,4.5
"Lo positivo: ubicación a 30 metros del shopping más grande de Santiago. Hermosas vistas. Lo negativo: la habitación tenía un olor horrible, como a cloaca, que p...",2.0,NH Collection Plaza Santiago,4.5
"Vale la pena, verás Santiago a tus pies y vistas imponentes de la cordillera. Los niños (y los adultos también) contentos con la novedad que significa subirse a...",4.0,Funicular Santiago,4.5
"Positivo: la ubicación, estás cerca de todo, te movés caminando a todos lados. Te hospedás en un lugar histórico. La Gerente del hotel salva toda la atención d...",3.0,Royal Inka I By Xima,4.5
"La semana pasada estuve con mi hijo de 15 años en Perú, y afortunadamente, realizamos muchas excursiones con Inkayni Peru Tours, una nueva empresa familiar que ...",5.0,Inkayni Peru Tours,5.0
"Hermosa excursión que también realizamos con Inkayni Peru Tours. Un lugar único, increíble! Queda a muy pocos kilómetros de Moray, en Maras.",5.0,Salinas de Maras,4.5
"Un lugar pequeño en un primer piso de una galería, a pocas cuadras de la Plaza de Armas. Abren por la noche de 6 a 10, a las 6:30 ya cuesta conseguir mesa, a la...",3.0,Cicciolina,4.5
"El lugar es muy bonito, pero no tiene climatización. Nos ubicamos junto a una especie de estufa, pero ni así podíamos estar confortables. El lugar es enorme y e...",1.0,El Virrey de Truco Restaurante,3.5
"Hermosísimo! Estás rodeado de historia, iglesias del 1400, pequeñas tiendas coloridas y muchos turistas. Te recomiendo sentarte en las escalinatas de la Catedra...",5.0,Centro Historico De Cusco,4.5
