"La estadia fue agradable, el hotel esta muy bien ubicado y cuidado, el buffete es monotono la comida a la carta es rica. Lo mejor es el servicio y la atencion d...",3.0,Villa Blanca Huatulco,4.5
"Solo me hospede una noche, pero el costo beneficio fue muy bueno. La comida muy rica, el servicio del personal excelente. La habitacion limpia y muy comoda. Es ...",4.0,Best Western Posada Chahue,4.5
"Excelente recorrido. Ampliamente recomendado el team B.Alexis, Hugo, Enrique, andrea y alejandro estuvieron a la altura de las circunstancias. Recomiendo que el...",5.0,Vallarta Adventures,4.5
"El snorkel muy bueno, la comida de lo mejor. Bonita playa para relajarte y no hacer nada mas que descansar. La opcion es ir en temporada baja para disfrutar la...",3.0,Vallarta Adventures - Las Caletas Beach Hideaway,4.5
Deberian dejar de prestar sombrillas. La lluvia arruino el show por que la gente preferia taparse y estorbar la vision que mojarse y disfrutar el show.,1.0,Rhythms of the Night by Vallarta Adventures,4.5
"No rentamos tour. Llegamos a Punta de Mita y rentamos lancha junto a otra familia. Por fortuna era temporada baja, habia poca gente. Las islas, el paisaje, las ...",5.0,Islas Marietas,4.5
