"Oaxaca es un destino gastronómico y este es un lugar que vale la pena visitar, un menú muy completo, mexicano y sofisticado Excelente vista desde la terraza Mu...",5.0,Casa Oaxaca El Restaurante,4.5
"Un deleite al paladar y al olfato , excelente calidad en todos sus productos , se puede comer allí, excelentes ensaladas y sándwiches, El mejor pan de centeno ...",5.0,Boulenc,4.5
"Me gusta mucho este lugar, su terraza es muy agradable , tocan el saxofón mientras disfrutas una rica pizza o pasta , es casual y rico",5.0,El Negro Santo,3.5
"Este es un clásico, ideal para desayunos o comidas. El menu es muy amplio, muy buena calidad de comida Mexicana. buen servicio y atención . es muy céntrico para...",5.0,Restaurante El Cardenal,4.5
"Un Gran lugar en la Roma, excelente carta, ambiente y decoración . Es un lugar donde todos los platillos son deliciosos, desde las entradas como los carpachos, ...",5.0,Gardela,4.5
"Excelente opción para comer en Acapulco, todos los platillos son deliciosos, el mejor pulpo que he probado, pulpo al pesto, excelente también el pescado a la ta...",5.0,Paititi Del Mar Restaurante & Relax,4.5
"Desde 1940 un lugar emblemático , en la zona Sur, excelente menú de comida Mexicana, imperdible su tradicional barbacoa , además hay un bellísimo espectáculo de...",5.0,Restaurante Arroyo,4.0
"Ideal para desayunos o comidas, delicioso menú , muy variado , abundante y delicioso Hay carnes, pescado y excelentes desayunos. Ideal para comidas de negocios,...",4.0,El Cardenal San Ángel,4.5
"Muy grata sorpresa este escondido restaurante de comida Vazca Elegante, fino y sofisticado El menú muy rico y variado Recomiendo la alcachofa , los pimientos y...",5.0,Gorka Altamar,4.0
"Por fuera este lugar no comunica la excelente covcina y servicio que tienen , muy recomendable para cena de pareja o con amigos, su carta es muy variadA, hay ca...",4.0,Carmenere,4.5
"De mis lugares favoritos para disfrutar un día de playa, Ubicado en el mejor punto en el área de la costera , excelente música y el servicio es muy bueno ,te a...",5.0,La Playita Santa Lucia,4.5
"Ideal para pasar un día con niños ! Gran variedad de resbaladillas, y diversión acuática , hay alberca de olas y un pequeño club de playa agradable, también sho...",4.0,CiCi Acapulco Mágico,4.0
"Mi sueño de conocer Machu Pichu se volvió mucho más especial viajando en este bellísimo tren, además de gozar los paisajes de la cordillera de los Andes , el vi...",5.0,Belmond Hiram Bingham,4.5
"Cusco es mágico con sus bellos techos rojos, calles estrechas y una bellísima plaza central , con una muy bella catedral , Una ciudad muy limpia, fácil de and...",5.0,Centro Historico De Cusco,4.5
"Es muy bella, y un claro reflejo de la colonia Española , una de las más impactantes catedrales de America, Nos tocó una misa al santo negro de los temblores q...",5.0,Catedral de Cusco,4.5
"Excelente opción en la mejor zona de Lima ,en El Barrio de San Isidro. Céntrico frente al club de golf Ideal x familia , pareja o viaje de negocios. La habitac...",5.0,Country Club Lima Hotel,4.5
"Lindas tiendas, si buscas regalos finos de alpaca ese es el lugar como Kuna y Sol . También hay muy buenos restaurantes Hermosa vista de la ciudad",4.0,Centro Comercial Larcomar,4.5
"Excelente opción, el lugar nada pretencioso, simplemente un gran menú de deliciosos platillos en especial de mariscos, bien servidos y un precio muy razonable ....",5.0,La Pigua Merida,4.5
"Es el lugar más tradicional de la ciudad para comer antojitos yucatecos Tienen que ir y probar la comida de la region , muy rico , precio justo , buen servicio ...",4.0,La Chaya Maya,4.5
"Un lugar con mucha tradición en cocina Mexicana , me encantan sus desayunos, pero esta muy rico para comer también Un menu muy extenso y gran variedad de platil...",5.0,El Cardenal Alameda,4.5
