"Está súper padre toda la zona, te puedes perder 2-3 hrs sin aburrirte y lo mejor de todo es que es gratis... Sin duda regresaría, encuentras comida al rededor d...",5.0,Naritasan Shinsho-ji Temple,4.5
"Fácil de comprar los tickets, buenos señalamientos, wifi gratis, seguros. Todo muy bien con el tren, en buen estado. Lo usaría de nuevo.",4.0,Keisei Electric Railway,4.0
"Los tacos están pequeños pero a buen precio, bastante ricos... Y las tlayudas buenas... Sin duda regresaba...",5.0,Taqueria Sabor Del Taco,4.5
"La ubicación es muy buena, la gente que da servicio amable, pero si las instalaciones dejan mucho que desear, la iluminación del cuarto en el que estuve era muy...",2.0,Express Inn Weslaco/Mercedes,3.0
"Muy pintoresco el restaurante, a mi gusto le hace falta un poco de iluminación, pero se come muy rico (sirven muy bien), el personal muy atento, un poco caro pe...",4.0,San Miguelito,4.0
"Excelente lugar para ver la NFL, ir a comer, probar las cervezas artesanales de MTY, el servicio muy amigable y la atención excelente, el precio me pareció just...",5.0,Sierra Madre Brewing Centro,4.0
"Es un hotel limpio, habitaciones en buen estado, muy buena ubicación, la atención es rápida y buena, pero sentía una mirada rara de ciertas personas parte del e...",3.0,Holiday Inn Express Galerias San Jeronimo,4.0
"Las instalaciones muy buenas, gente muy amable, muy divertidas las rutas de los rios, playas excelentes, el show en la noche vale el costo de la entrada. Lo uni...",4.0,Parque Xcaret,4.5
"El ambiente es bueno. Cuando fui el lugar estaba repleto de extranjeros y solo sonaba musica RAP, falta variedad de musica. El acceso es muy fluido. Las bebidas...",3.0,La Vaquita Cancun,3.5
"Pagamos 90 dls por entrar sin hacer fila, marca personal de un mesero (Todo el tiempo nos mantuvo con tragos), el show vale la pena. debes de agarrar un buen lu...",5.0,Coco Bongo Cancún,4.5
"El hotel en muy buenas condiciones, el personal de recepción es excelente, los meseros en el restaurante no tanto, mejor me tuve que parar para servirme las beb...",4.0,Occidental Costa Cancun,4.0
"Al llegar todos fueron amables. * Los cuartos bien, un poco pequeños pero bien. * Limpieza en el cuarto siempre estaba hecha al regresar de las actividades. * ...",4.0,Canto Del Sol Plaza Vallarta,4.0
"Excelente experiencia, desde la llegada hasta la salida, muy amabales los guias. (Gracias a Arturo, Ricardo y Benito)",5.0,Canopy River,5.0
"Es algo espectacular, la naturaleza a todo lo que da, sin duda si estas por Puerto Vallarta, ve a visitarlas. No te arrepentiras. :)",5.0,Islas Marietas,4.5
