"La misión de San Ignacio, el Valle de las ranas y el Valle de los hongos se encuentran a unos metros entre sí, por lo que se pueden visitar en un par de horas. ...",4.0,San Ignacio Arareko,4.0
"Para llegar hay que hacer una caminata de aproximadamente 20 o 30 minutos, dependiendo del camino que uno elija para subir. Se puede subir siguiendo la carreter...",4.0,Cristo Rey,4.0
"Las actividades del parque son muy emocionantes y seguras, son las principales atracciones en Barrancas del Cobre. Algunas personas eligen hacerlas por la mañan...",5.0,Adventure Park Copper Canyon Divisadero,4.5
"La salida de los murciélagos puede verse al rededor de las 7:30 pm. En esta época del año es muy recomendable ponerse repelente para insectos, ya que el lugar e...",5.0,Cueva de los Murcielagos,4.0
La entrada cuesta $10 mxn por persona. En la planta baja se encuentra el museo que relata la historia del pueblo y personajes destacados nacidos en el mismo. En...,4.0,Museo Fuerte Mirador,4.0
"I´ve flown several times with this airline and is still my favourite. Although some airplanes can be a little bit unconfortable, it´s punctual, safe and easy to...",5.0,Lufthansa,4.0
"Desde la plaza se tiene una increíble vista del Domo y de la entrada a la Galleria Vittorio Emanuele. Al rededor hay varias tiendas de ropa, joyería, alimentos ...",5.0,Piazza del Duomo,4.5
Logramos hacer la visita en un día. Llegamos por la mañana a la central de trenes y déjamos las maletas en el depósito. Cobraron 10€ por dos maletas y nos regal...,5.0,Leaning Tower of Pisa,4.5
"En el verano hace mucho calor y hay demasiada gente, así que la mejor hora para ir es antes del medio día (está abierto desde las 8 am). El boleto sólo para la ...",5.0,Acrópolis,4.5
Es un lugar turístico para hacer compras y comer. Me parece que los precios del lugar son caros pero se puede disfrutar caminar por sus calles.,4.0,Plaka,4.5
"Muy bueno el burrito de camarones. La especialidad es la margarita de pepino con limón. También recomiendan el cuala, un tamal dulce típico. Gran atención en es...",5.0,"Restaurante Bar El Cauce ""2 Versions""",4.5
"Llegar a las Islas Marietas es increíble. Hay tours que te llevan primero a hacer snorkel o kayak en una de las islas, y después, en la segunda isla, se entra a...",5.0,Islas Marietas,4.5
desconocido,5.0,Santuario Histórico de Machu Picchu,5.0
desconocido,5.0,Santuario Histórico de Machu Picchu,5.0
desconocido,5.0,Santuario Histórico de Machu Picchu,5.0
desconocido,5.0,Santuario Histórico de Machu Picchu,5.0
desconocido,40.4,Chivay,40.4
Una agradable caminata por lugares clave en la parte central de Cuzco. Conoces lugares donde puedes encontrar cosas representativas de la ciudad. Recomendable!,5.0,Inkan Milky Way Tours Cusco,5.0
"Excelente lugar y atención. El ambiente es muy sociable, y las personas que llevan el lugar te dan un recorrido por las calles de la ciudad. Además, pueden arre...",5.0,Ica Wasi Hospedaje,4.5
