Sin duda alguna es espectacular este recinto. Su fachada y su interior resaltan por sí solos. Tienen que darse la vuelta y conocer este maravilloso y mágico pue...,5.0,Parroquia de San Miguel Arcángel,5.0
I arrived to hotel last September 16th and I was not able to share the same room with my 3 friends. I didn't have reservation but all the rooms are able to host...,3.0,Barceló Grand Faro Los Cabos,4.0
"Es un muy buen lugar y agradable para pasarla bien con la familia, con la pareja o quien gustes. Tiene varias albercas con diferentes profundidades pero lo que ...",4.0,Hotel Balneario San Juan Cosala,4.0
"Maravilla de islas que nos da la naturaleza. La isla escondida o isla del amor sin duda alguna es una playa exótica, donde después de una larga nadada desde el ...",5.0,Islas Marietas,4.5
La experiencia de comer a 45 metros de altura no se puede negar que es algo extraordinario; comida muy buena y staff a todo dar. Pero los detalles que acompañar...,2.0,Dinner in the Sky México,4.5
"Excelente hotel. Con todo lo necesario. Sólo estuvimos aquí para dormir, pero fue muy cómodo y su personal muy amable. Lo recomiendo ampliamente. Está muy cerca...",5.0,Hotel Ollin Teotl,5.0
We stayed for 3 nigths and it was very good. The employees are so kind. The pool had a good tempetature; it's so fresh. Just the beds are very hard and you can'...,4.0,Hotel Guayabitos,3.5
"Muy buen hotel, sencillo para toda persona que desea ir a relajarse . Lo califico como ""Muy bueno"", porque tuvimos un inconveniente con el baño de la habitación...",4.0,Hotel Delfin,4.5
