Excelente restaurant !!! Los mejores mariscos !!! Ceviche delicioso ... planchas de pulpo riquísimas !!! La atención de primer nivel ... está siempre lleno conv...,5.0,El Mercado,4.5
Excelente restaurant !!! Los mejores mariscos !!! Ceviche delicioso ... planchas de pulpo riquísimas !!! La atención de primer nivel ... está siempre lleno conv...,5.0,El Mercado,4.5
Excelente ...un parque maravilloso ...recomiendo ir por la tarde para quedarte cuando comienzan con luces y sonidos ...gran espectáculo inolvidable !!!!,5.0,Circuito Mágico del Agua,4.5
"Divino lugar , hermoso parque para disfrutar , hacer caminatas entre sus olivos centenarios , es muy tranquilo ... muy disfrutable",5.0,Parque El Olivar,4.5
"Excelente lugar , en el malecón de Miraflores , espectacular vista y muy ricos los panqueques tanto salados como dulces.",5.0,Beso Francés,4.0
"Buenísimo lugar , es un muelle , una vista muy linda , la comida riquísima ... la plancha de mariscos espectacular ... muy buena atención ,lugar muy acogedor pa...",5.0,La Rosa Náutica,4.0
"Excelente restaurant ...al mediodía tienen buffet delicioso , muy variado , atención excelente y una vista hermosa del malecón . Sin duda voy a volver !!!",5.0,La Vista Restaurant,4.5
"Excelente opción ... tienen mucha variedad de sándwich ... súper grandes exquisitos !!! Muy buena atención ,rápida y hay por varios puntos de Lima",5.0,La Lucha Sanguchería,4.5
"Excelente lugar ... muy buen restaurant ...comida italiana muy pero muy rica , atención inmejorable y tiene la mejor vista de Lima !!!!",5.0,La Trattoria di Mambrino,4.0
"Excelente restaurant ... muy buena atención , muy cálido lugar y su comida excelente y variada ... y en relación precio calidad , normal . Muy buena opción en L...",5.0,La Bodega de La Trattoria,4.0
"Excelente restaurant ... muy buena atención , muy cálido lugar y su comida excelente y variada ... y en relación precio calidad , normal . Muy buena opción en L...",5.0,La Bodega de La Trattoria,4.0
"Muy buen hotel !!! Ubicación inmejorable ... cerca de todo en Miraflores , el hotel muy confortable ... habitaciones cómodas , desayuno rico , y muy buena atenc...",4.0,Courtyard Lima Miraflores,4.5
"Muy buen hotel !!! Ubicación inmejorable ... cerca de todo en Miraflores , el hotel muy confortable ... habitaciones cómodas , desayuno rico , y muy buena atenc...",4.0,Courtyard Lima Miraflores,4.5
"Muy buen hotel !!! Ubicación inmejorable ... cerca de todo en Miraflores , el hotel muy confortable ... habitaciones cómodas , desayuno rico , y muy buena atenc...",4.0,Courtyard Lima Miraflores,4.5
Excelente hotel por donde se lo mire !!!! Desde que entras el lobby ambientado divino y las habitaciones excepcionales !!! Desayuno excelente !!!!Atención de pr...,5.0,"Palacio del Inka, a Luxury Collection Hotel, Cusco",5.0
"Excelente hotel !!!! Todo impecable , se respira mucha paz , el lugar en que está ubicado excepcional , sus jardines maravillosos , todo absolutamente todo de p...",5.0,"Tambo del Inka, a Luxury Collection Resort & Spa",5.0
"Excelente , muy rica la comida , la atención de todos excepcional ... y el bar ni que hablar... Darwin un genio con sus clases magistrales de como se prepara el...",5.0,Restaurante El Palacio del Inka,4.5
"Excelente , riquísima la comida , ambiente muy agradable , y la atención excepcional !!! Muy bien ubicado .",5.0,Chicha por Gaston Acurio,4.0
"Excelente ...conservación diez puntos ... un paseo por la historia , vale la pena , increíble todo lo que tiene para admirar .",5.0,Cathedral of Lima,4.5
"Excelente parque , estuve el año pasado y esta mas bonito , lo han ampliado ...sus jardines muy bien conservados . Limpieza excelente.",5.0,Parque Kennedy - Parque Central de Miraflores,4.0
"Excelente ... conservación limpieza , jardines muy buenos ... una muy bonita plaza con muy buena accesibilidad .",5.0,Plaza San Martin,4.0
"Excelente opción en Lima , muy buen restaurant , el servicio excelente , si te sientas en la barra observas como preparan los platos ...todos tienen una concent...",5.0,El Mercado,4.5
"Excelente opción en Lima , muy buen restaurant , el servicio excelente , si te sientas en la barra observas como preparan los platos ...todos tienen una concent...",5.0,El Mercado,4.5
"Muy buen hotel , su atención es muy esmerada , desde cuando llegas , el personal de recepción muy amables y rápidos , la habitación muy buena ,muy cálida , y el...",4.0,Casa Andina Premium Miraflores,4.5
"Muy buen hotel , por su ubicación inmejorable , ya había estado y fue grata sorpresa ver que sigue con el servicio muy esmerado , las habitaciones muy bien , el...",4.0,Courtyard Lima Miraflores,4.5
"Muy buen hotel , por su ubicación inmejorable , ya había estado y fue grata sorpresa ver que sigue con el servicio muy esmerado , las habitaciones muy bien , el...",4.0,Courtyard Lima Miraflores,4.5
"Muy buen hotel , por su ubicación inmejorable , ya había estado y fue grata sorpresa ver que sigue con el servicio muy esmerado , las habitaciones muy bien , el...",4.0,Courtyard Lima Miraflores,4.5
Excelentes ...están muy bien conservados es un placer caminar por las calles de Lima observando tan lindos balcones con sus historias ...imperdible,5.0,Balcones de Lima,4.5
"El que más frecuento es el que está ubicado en Shopping Punta Carretas , excelente comida ! La carne espectacular de calidad suprema ... Y la atención excelente...",5.0,El Fogon,4.0
"Muy buen restaurant ...servicio excelente ...el lugar muy acogedor ...el menú variado , ojo con la paella pues a veces se pasan con el pimentón ahumado , nos pa...",4.0,Francis Restaurant,4.5
"Muy linda experiencia, fuimos un sábado al mediodía ,estaba lleno,pero nos atendieron rápido , muy amables, excelente los panes , y la comida riquísima con sabo...",5.0,Jacinto cafe & restaurant,4.0
"Excelente hotel , ubicado en la zona de San Isidro , muy linda zona tranquila , con centros comerciales muy cerca , y con muchas opciones de restaurantes a su a...",5.0,The Westin Lima Hotel & Convention Center,5.0
"Muy buen restaurant, el lugar muy acogedor,la comida riquísima , y de excelente calidad,para destacar la atención de todo el personal ,excelente atención !!!",4.0,Restaurante Las Carretas,4.5
"Excelente restaurant , muy buenos platos , abundantes , precios acorde a la calidad de la comida...excelente atención de todo el personal , se esmeran por aten...",5.0,Restaurante do Hotel Carlos Gardel,4.5
"Excelente hotel , su atención muy esmerada , las instalaciones muy cómodas , una vista preciosa , está cerca de un centro comercial Quicentro muy bonito , cerca...",5.0,Sheraton Quito Hotel,4.5
"Excelente sala , súper cómoda , muy buena acústica ...los espectáculos excelentes ,todos de muy buen nivel . Totalmente recomendable.",5.0,Auditorio del Sodre,5.0
"Muy buen hotel con buena ubicación,cerca de Montevideo Shoping ,y de varios restaurantes .Las habitaciones cómodas , moderna decoración ...el desayuno bien , pr...",4.0,Regency Way Montevideo Hotel,4.5
"Excelente hotel, muy buena ubicación ,con acceso directo al centro comercial...la atención muy buena de todo el personal, las habitaciones muy cómodas ,la suite...",5.0,Hilton Garden Inn Montevideo,4.5
"Estuvimos alojados en abril en este hotel ,nos dieron una suite ,muy linda acogedora ,el hotel es nuevo ,linda vista la atención muy buena, el desayuno impecabl...",4.0,Casa Andina Premium Trujillo,4.5
"Excelente hotel de todo punto de vista, ubicación inmejorable, la atención muy esmerada ,las habitaciones muy confortables , la vista...espectacular el restaura...",5.0,JW Marriott Hotel Lima,4.5
"Excelente hotel de todo punto de vista, ubicación inmejorable, la atención muy esmerada ,las habitaciones muy confortables , la vista...espectacular el restaura...",5.0,JW Marriott Hotel Lima,4.5
"Courtyard Lima Miraflores muy buen hotel, excelente elección ,si vas con poco tiempo a lLima ,está muy bien ubicado cerca de todo ,y las instalaciones muy buena...",4.0,Courtyard Lima Miraflores,4.5
"Courtyard Lima Miraflores muy buen hotel, excelente elección ,si vas con poco tiempo a lLima ,está muy bien ubicado cerca de todo ,y las instalaciones muy buena...",4.0,Courtyard Lima Miraflores,4.5
"Courtyard Lima Miraflores muy buen hotel, excelente elección ,si vas con poco tiempo a lLima ,está muy bien ubicado cerca de todo ,y las instalaciones muy buena...",4.0,Courtyard Lima Miraflores,4.5
"Excelente ,muy bien cuidado ,es un placer caminar por el malecón ,sus jardines impecables , la vista al Pacífico magnífica sin lugar a dudas es un paseo que hay...",5.0,Malecón de Miraflores,4.5
"Hotel con modernas instalaciones , habitación cómoda ,amplia , sencilla, la atención normal, el desayuno muy sencillo...poca variedad...muy poca fruta , y no ha...",3.0,Dazzler by Wyndham Buenos Aires Recoleta,4.0
"Excelente parque, muy bien cuidado, las rosas impecables, la verdad un paseo imperdible , vale la pena tomarse un tiempo para disfrutar de tan apacible lugar ,e...",5.0,Parque 3 de Febrero,4.5
"Excelente boutique gastronómica ... Los productos de primerísima calidad , las masas súper delicadas , las mejores de Uruguay ... Los postres imperdibles... En ...",5.0,Pellegrin,4.5
"Fantastico lugar ,con una vista maravillosa, y ni que hablar de la atención personalizada,esmerada, música agradable ,y la comida excelente ,y precios acorde .....",5.0,L'Etoile,5.0
"Muy buen hotel , excelente ubicación, cerca del centro histórico , y a orillas del Rio de la Plata .Muy buenas las habitaciones ,amplias , con decoración muy ag...",4.0,Radisson Colonia del Sacramento Hotel,4.5
"Buenísimo, lindisima vista ,vale la pena subir ,se sacan unas fotos estupendas. La vista de La ciudad es muy buena desde ahí.",4.0,Faro de Colonia del Sacramento,4.5
"Muy buen lugar , esta muy cuidado . Es la estancia Presidencial ,las visitas son guiadas ,realmente vale la pena . Totalmente recomendable para quien gusta de l...",4.0,Parque Anchorena,4.0
"Muy buen hotel, cerca del micro centro, las habitaciones las están remodelándo , son amplias, el desayuno es muy bueno ,gran variedad . El restaurante Cardina...",5.0,Sheraton Buenos Aires Hotel & Convention Center,3.5
"Realmente imperdible ,desde su arquitectura impresionante ,da gusto recorrerlo,hay que dedicarle tiempo , es enorme y tiene muchas exposiciones de artistas naci...",5.0,Museu Oscar Niemeyer,4.5
"Es una ciudad modelo,todo impecable , la limpieza óptima,el centro histórico muy bien cuidado ,lleno de flores,todo muy agradable",4.0,Centro Histórico de Curitiba,4.5
"Excelente lugar ,una vista única de la bahía de Montevideo ,y la comida muy buena , la atención muy esmerada ,totalmente recomendable, y hay dias que hay música...",5.0,Arcadia,4.0
"Lindo Hotel alejado del centro de Montevideo ,esta cerca del aeropuerto, atención buena ,un entorno muy lindo rodeado de parque ,y tiene una Capilla muy bonita....",4.0,Regency Park Hotel + Spa,4.5
"Excelente de donde se lo mire , cada vez que vamos a Rio esta es nuestra casa, es así nos sentimos como en casa , mejor aun ,el hotel esta totalmente remodelado...",5.0,Sheraton Grand Rio Hotel & Resort,4.5
"Muy bueno , es buffet de ensaladas ,muy variado , y excelente calidad del buffet y la carne y postres .Precio acorde a la calidad.",5.0,Restaurante Casarão,3.5
"Excelente esta en el parque del hotel con vista hacia la playa muy lindo ,e informal, se come muy bien, ricas pizzas, buenísimas ensaladas, etc.",5.0,Restaurante Casa da Cachaça,4.0
"El Mercado ha sido renovado totalmente , esta muy bueno , hay de todo , desde frutas y verduras hasta carnes ,etc, también artesanías, realmente vale la pena ....",4.0,Mercado Agricola Montevideo - MAM,4.5
"Muy bueno, lindisimo lugar , con historia ,el museo está muy bien cuidado..Además con una hermosa vista de la bahía de Montevideo.",4.0,Fortaleza del Cerro,4.0
"Realmente muy buen hotel, se encuentra en una linda zona de Montevideo , es nuevo , las habitaciones son cómodas , muy buena cama , el baño confortable ...el de...",4.0,Dazzler By Wyndham Montevideo,4.0
"Un lugar divino!!! El hotel espectacular , las habitaciones super amplias ,con todo el lujo , el baño muy confortable ,y la atención espectacular . El entorno d...",5.0,"Hotel Paracas, a Luxury Collection Resort, Paracas",4.5
"Nos gusto todo , excelente lugar ,lo recorrimos con un taxi que contratamos en el lugar , nos hizo un muy buen paseo , la verdad maravilloso paisaje . Imperdibl...",5.0,Emotion Tour Peru,4.5
"Muy recomendable paseo , hay que hacerlo por las mañanas , pues en la tarde se levanta viento. Se ven lobos marinos , infinidad de aves , las embarcaciones pasa...",4.0,Islas Ballestas,4.5
"Hotel excelente ,muy bien ubicado ,en pleno barrio de Miraflores . Las habitaciones super confortables , muy modernas , el baño grande muy comodo , la verdad mu...",4.0,Hilton Lima Miraflores,4.5
"En este viaje fuimos varias veces muy buen restaurant,la comida riquisima ,muy buena pasta,los raviolitos de gallina una especialidad...el lugar muy acogedor,at...",4.0,La Bodega de La Trattoria,4.0
"En este viaje fuimos varias veces muy buen restaurant,la comida riquisima ,muy buena pasta,los raviolitos de gallina una especialidad...el lugar muy acogedor,at...",4.0,La Bodega de La Trattoria,4.0
"Excelente hotel , siempre que vamos a Lima nos hospedamos aqui,esta muy bien ubicado cerca de todo , del centro civico,y a quince minutos del barrio Miraflores,...",5.0,Sheraton Lima Hotel & Convention Center,4.0
"Excelente hotel , siempre que vamos a Lima nos hospedamos aqui,esta muy bien ubicado cerca de todo , del centro civico,y a quince minutos del barrio Miraflores,...",5.0,Sheraton Lima Hotel & Convention Center,4.0
"El restaurant es buenisimo ,la comida excelente variada,el entorno muy acogedor,y los viernes hay un buffet Sabores y Colores del Peru muy recomendable por su c...",4.0,Restaurante Las Palmeras,4.0
"Es un recorrido por la historia, muy bien conservado ,ahi tambien se encuentra la tumba de San Martin de Porres la verdad vale la pena.",5.0,Iglesia y Santuario de Santa Rosa de Lima,4.5
"Muy bueno La Huaca Pucllana esta en medio de la ciudad ,se encuentra muy bien conservada,y la recorres con un guia que te va explicando ,paseo altamente recomen...",5.0,Huaca Pucllana,4.5
"Excelente, muy bien conservado ,restaurado y aun se encuentran trabajando la verdad desde que fui la primera vez hasta ahora se nota cada vez mejor,imperdible i...",5.0,Centro Histórico de Lima,4.5
"Esta muy bien pues el lugar es muy lindo,pero creo le falta arreglos,mejores restaurantes,un poco mas de cuidado en su entorno.",3.0,Barranco,4.5
"Excelente restaurant,desde su atencion al entrar,su decoracion,y ni que hablar de su comida ,espectacular,todo un poema su menu.Altamente recomendable ,y muy bi...",5.0,Madam Tusan,4.0
"El museo es impresionante ,si vas a Guanajuato no podes dejar de ir,es facil llegar, te explican con un video ,el porque del estado de los cuerpos que quedan mo...",5.0,Museo de las Momias,3.5
"Imperdible,visitas una mina con un guia,que te va explicando como trabajaban y en que condiciones...",5.0,El Museo Bocamina San Ramón,4.0
"Muy buen restaurant,excelente ubicacion ,la parrilla buenisima,los panes que te traen calentitos riquisimos mientras esperas los platos,la verdad es totalmente ...",4.0,Cabaña Las Lilas,4.5
"Muy lindo este antiguo bar,donde esta muy bien lograda la ambientacion,excelente atencion,buena comida,y, el sotano imperdible para una cena tranquila...y si ha...",4.0,Bar Tabare,4.5
"Excelente atencion,muy buena carne,vale la pena ,un lugar muy agradable , espacioso,los postres riquisimos...sin duda totalmente recomendable.",5.0,Uruguay Natural Parrilla Gourmet,4.5
"Es un hermoso lugar,una decoracion fantastica,increible,la atencion muy buena,excelente.La musica excelente...y las bandas que tocan buenisimas...un lugar total...",5.0,Rio Scenarium,4.5
"Divino lugar,realmente sin palabras...el Cristo lo mas grande...es para estar horas admirando el paisaje...",5.0,Estatua de Cristo el Redentor,4.5
"Es una playa espectacular...vale la pena ir hasta ahi ...muy recomendable ,es muy facil llegar ,alquilar un auto es lo mejor ,y sino en bus ,no hay problema ...",5.0,Prainha Beach,4.5
"Muy bueno...lindo lugar para caminar esta cerca de la Laguna ,es facil llegar,tiene un orquideario buenisimo ,en suma excelente para pasear una tarde ...con muc...",4.0,Botanical Garden,4.5
"Es muy bonito hotel,con un estilo acorde a la ciudad de Guanajuato.Las habitaciones algo pequeñas,pero estan tan bien distribuidas ,que eso no tiene importancia...",4.0,Edelmira Hotel Boutique,4.5
"Es un placer hospedarse en este Hotel,aqui reina mucha paz...las habitaciones muy acogedoras y el entorno del lugar divino,ideal para descansar.Esta en una exce...",5.0,Vila d'este,4.5
"Excelente Restaurant,muy buena cocina,y la parrilla excelente...la atencion de primer nivel...es nuestro lugar.",5.0,La Perdiz Restaurant & Parrillada,4.5
"Nos alojamos en este hotel en noviembre ,esta totalmente remodelado,su estilo moderno ,las habitaciones no son muy amplias ,pero estan comodas.Tienen vista a la...",4.0,Salto Hotel y Casino,4.0
"Excelente restaurant ,muy buena la comida ,pocos platos ,pero muy buena calidad.Atencion excelente,ubicacion inmejorable.",5.0,La Casa de Lamas,4.0
"Es un Hotel muy agradable, habitaciones amplias , confortables,el desayuno esta bien ...y lo que si es muy buena su ubicacion ,cerca de restaurantes ,y de la zo...",4.0,Golden Tulip Ipanema Plaza,3.5
"Es muy buena eleccion para cenar ,quedas comiendo ni bien llegas,tiene una barra de ensaladas, y aperitivos, sushi,etc muy pero muy buena y ni hablar de sus car...",5.0,Carretao Classic Grill,4.0
"Muy buen lugar para conocer un poco de historia de Brasil,muy bonito paisaje,la verdad vale la pena.",4.0,Petropolis,40.4
"Es la mejor playa ,el mejor lugar el puesto n*9 te alquilan sillas, hay tragos,y una pequeña parrilla que vale la pena ,",5.0,Playa de Ipanema,4.5
"Nos hemos hospedado mi esposo y yo en varias oportunidades,lo hemos elegido por su excelente ubicación,esta en pleno centro historico ,te mueves con total facil...",4.0,Gran Hotel Queretaro,4.0
"Totalmente recomendable...muy buena ubicación esta a unos minutos del centro de Vallarta,sus instalaciones excelentes ,las habitaciones amplias ,y decoracion mu...",5.0,Sheraton Buganvilias Resort & Convention Center,4.5
"Fuimos con mi esposo por nuestra cuenta , nos tomamos un bus y contratamos un bote taxi que nos llevo a nosotros dos solos ,imperdible.",5.0,Islas Marietas,4.5
"Sheraton Lima es un excelente hotel de todo punto de vista,desde los que te reciben cuando llegas , el personal de recepcion siempre atento a nuestras peticione...",5.0,Sheraton Lima Hotel & Convention Center,4.0
"Sheraton Lima es un excelente hotel de todo punto de vista,desde los que te reciben cuando llegas , el personal de recepcion siempre atento a nuestras peticione...",5.0,Sheraton Lima Hotel & Convention Center,4.0
"Es un excelente hotel,muy buena ubicacion.Sus habitaciones muy confortables,el desayuno muy bueno ,y el bufet del restaurant buenisimo,fuimos una noche ya tarde...",5.0,Sheraton Mexico City Maria Isabel Hotel,4.0
"Estuvimos en este hotel en abril 2013,la verdad fantastico...desde nuestra llegada ,la atencion inmejorable de todo el personal desde la recepcion pasando por l...",5.0,Casa Andina Premium Arequipa,4.5
"Muy bueno...la explicacion que te dan ,primero te pasan un video donde explican como encontraron Juanita,muy bueno porque entendes un poco mas de la cultura inc...",5.0,Museo Santuarios Andinos,4.5
"Fantastico , muy bien conservado, una experiencia unica ,vale la pena de todo punto de vista,es unico ,tanta historia,te lleva unas cuantas horas conocerlo pero...",5.0,Museo de Arte Virreinal,4.5
"Realmente la mejor ubicacion,las instalaciones excelentes,su atencion de primera, sin dudas creo que es el mejor.Fuimos en el mes de abril para nuestro aniversa...",5.0,JW Marriott Hotel Lima,4.5
"Realmente la mejor ubicacion,las instalaciones excelentes,su atencion de primera, sin dudas creo que es el mejor.Fuimos en el mes de abril para nuestro aniversa...",5.0,JW Marriott Hotel Lima,4.5
"Me encanto sus aguas danzantes, el juego de luces y la musica muy bueno , la verdad es que te sorprende.",5.0,Circuito Mágico Del Agua,4.5
"Me gusto su limpieza , sus plazas impecables,el paseo por el malecon, fuimos la primera vez en el 2007, y hemos ido todos los años siguientes y la verdad que el...",5.0,Miraflores,4.5
"Muy bien conservada, muy bien iluminada,sus jardines estupendos. Hay cuidadores en toda la plaza ,hicimos un paseo al cerro San Cristobal en un omnibus que sale...",5.0,Plaza de Armas (Plaza Mayor),4.5
"Tienen muy buena atencion, muy rica comida, un poco lentos para atender...pero la comida es requisima,hacen unos panes caseros deliciosos.",5.0,Bodega La Trattoria,4.0
"Muy bueno, estuvimos en abril, para festejar nuestro aniversario,la atencion fantastica, lastima que no te preguntan que clase de agua quieres tomar,directament...",5.0,Astrid & Gastón,4.5
"Excelente comida , muy buena atencion, lo unico que a veces hay que esperar para conseguir ubicacion...pero vale la pena la espera,el osobuco es una delicia...m...",4.0,Panchita,4.5
"Excelente de donde se lo mire, desde la entrada quien te recibe Carol,Caroline, y todo el personal . Estuvimos en abril , nos recomendaron el lugar ,y la verdad...",5.0,Zig Zag Restaurant,4.5
