"Una atracción muy recomendable en Mérida a unas 2 horas de la ciudad en trasporte publico, recomiendo llegar lo mas temprano posible ya que el camino hacia los ...",5.0,Celestún,4.5
"Muy tranquilo para caminar de noche o de día, y comer un sorbete (helado), tambien para hacer running hya galerias de arte, es una ciudad hermosa y muy tranquil...",4.0,Paseo de Montejo,4.5
"sobre la av principal en pase montejo, te puedes detener a descansar de la caminata y disfrutar de un rico sorbete (helado) y lo mejor cierran a la 1am",5.0,Helados Colon,4.5
"El paseo a camello es una experiencia increíble super recomendable, es cara si hay que ir preparados, también para adquirir el paquete de fotos per de verdad va...",5.0,Cabo Adventures,5.0
"increíble la vista, las playas del amor y del divorcio sin duda parada obligatoria, si tienen oportunidad hagan snorkel es una gran pecera llena de colores",5.0,El Arco de Cabo San Lucas,5.0
"increible la playa muy pequeña, pero de verdad inolvidable parada obligatoria a un costado la playa del divorcio, son magnificas, claro el agua es fría.",5.0,Playa del Amor,4.5
"tiene un hermoso paisaje, de la hermosa ciudad y sus grandes edificios vale la pena caminarlo, sin duda es una de las paradas obligadas al ir a nueva york, revi...",5.0,Puente de Brooklyn,4.5
Es un lugar muy hermoso que nos regala la naturaleza por favor tengamos conciencia y cuidémoslo no arrojando basura haciendo snorkeling con precaución cuidar la...,5.0,Islas Marietas,4.5
"tienes que caminar por el malecón y observar todas las figuras que ahi se encuentran, créeme mas divertido que casar pokemones, el atardecer es muy hermoso desd...",5.0,Caballito,4.5
"las camas muy cómodas, buenas albercas para los niños, ideal para solo descansar de lo demás ya es un poco rustico, ojo usar repelente en la zona de la alberca ...",3.0,Suites Marbella,3.5
"no hay muchos policias si se siente un poco inseguro, ya que hay mucho ambulantaje, es cansado recorrerlo todo a pie pero vale la pena ver las esculturas",3.0,Malecón Boardwalk,4.5
me gusto mucho el muelle miy romantoco para caminar co tu pareja lindos paisajes tanto de noche como de dia,5.0,Los Muertos Pier,4.5
me encanto hacer snorkel ahi son muy fuertes las corientes para bajar pero no es necesario en la superficie se aprecian muy bien los peces,5.0,Los Arcos,4.5
muy elegante el bar muy buenos tragos y servicio ideal para empezar el precopeo y pasarse la antro del hotel muy bueno!,5.0,Chandelier Lounge,4.5
A mi en lo particular me parecieron muy grasosas pero no hay mucho que buscar a las 4 am las que atienden muy pinup chicas guapas y esta abierto toda la noche y...,3.0,Pin-Up Pizza,4.0
"muy centrico, rico desayuno linda alberca excelente vista habitaciones muy cómodas aunque pequeñas, baños pequeños y hacen falta mas amenidades, pero en general...",4.0,Hotel Riu Plaza Panama,4.0
"espectacular, impresionante la llegada de los barcos si pasas tiempo parado esperando a que leguen pero vale la pena, ojo hay que esperar de pie",5.0,Canal de Panamá,4.5
"muy linda vista para correr por la mañana es una pista de asfalto muy atractiva, solo cuidarse del sol",5.0,Avenida Balboa,4.5
"encuentro con la naturaleza, muchas playas diferentes todas hermosas para recorrer en bicicleta muy agusto, no es caro no hay lujos es todo muy rustico",5.0,Puerto Viejo Beach,4.0
"Excelente para caminar pero si es cansado las cuadras son enormes y si entras a conocer los casinos de cada hotel aun mas cansado, hay que ir con mucha energia ...",5.0,The Strip,4.5
