"Be warned!! The swim to the Hidden Beach is long and exhausting, and if you are not a good swimmer it is a really tough swim. Then once you get to the actual h...",3.0,Islas Marietas,4.5
"This church is beautiful, the area around the church is a normal Mexican town with lots of shops. There was a wedding going on so I didn't get to go all the way...",5.0,Parroquia de Nuestra Señora de Guadalupe,4.5
We went just to eat. We ate at Fat boys on the beach. They were wonderful. we showed up with 13 people and they had us seated and getting us drinks immediately...,4.0,Bucerías,40.4
I traveled to this resort at the end of may with a group of 13 people. When we arrived the front desk was very friendly and got us all checked in quickly. The ...,4.0,Hotel Riu Jalisco,3.5
"I traveled with a group of 13, and 6 men wanted to go fishing without paying a ton of money. Fernando met us by our hotel and gave us all the details of the fi...",5.0,Danisha Sport Fishing,5.0
"The ziplining was great. The staff was very knowledgeable and friendly. I am not a athletic person and this trip pushed me to my limits, but I felt very accom...",5.0,Vallarta Adventures,4.5
"The ziplining was great. The staff was very knowledgeable and friendly. I am not a athletic person and this trip pushed me to my limits, but I felt very accom...",5.0,Vallarta Adventures,4.5
The dolphin trainer was very knowledgeable and answered all our questions. If you love dolphins this trip is a must.,5.0,Vallarta Adventures,4.5
The dolphin trainer was very knowledgeable and answered all our questions. If you love dolphins this trip is a must.,5.0,Vallarta Adventures,4.5
