"De los mejores sitios en Madrid, un lugar súper agradable, comida de 100, y servicio como en pocos lugares! Un lugar para regresar una y otra vez",5.0,Fismuler,4.0
"Ame el lugar, lleno de detalles y atenciones, con un staff amigable que está al pendiente de todo lo que puedas necesitar Excelente el desayuno, la terraza para...",5.0,The Inn At The Roman Forum,5.0
"Ya había escuchado de su comida excelente, y en verdad que lo es! Lo que pidas es perfecto y su servicio es inmejorable! Felicidades",5.0,Mani,4.5
"Como todo W el hotel y el servicio son excelentes, pero la comida es terrible en todos los restaurantes excepto los ceviches, es mejor comer fuera si quieres co...",3.0,W Punta de Mita,4.5
"Si visitas la zona es imperdible que visites estas islas, leo muchas cosas malas sobre los proveedores de servicio pero yo contraté una cooperativa en punta Mit...",5.0,Islas Marietas,4.5
"Parece un gran hotel pero tiene servicio pésimo, mala comida y sin playa. Hay mejores opciones y no te lo ofrecen como de lo mejor de la zona! No vale la pena, ...",3.0,Hacienda Tres Ríos,4.5
"No importa cuanto te digan que es bueno, es pésimo en calidad de comida y el servicio es aún peor pero todos lo recomiendan!",1.0,Eladio's Bar Centro,4.0
