"Xilitla es un pueblo pequeño, que cuenta con muchos atractivos como las cascadas Los Comales, el jardín surrealista de Edward James que vale mucho la pena visit...",5.0,Xilitla,4.5
"La playa Miramar cuenta con varios establecimientos de comida (mariscos, cocos, bebidas preparadas, raspados) así como en la zona del malecón hay varios bares c...",5.0,Playa Miramar,4.5
"Es un buen hotel por el precio que manejan, las habitaciones están limpias y el estilo es muy campirano, la ubicación es excelente pues en la plaza que se encue...",4.0,Hotel Suites Ixtapa Plaza,3.5
desconocido,3.5,Hotel & Suites Mar y Sol,3.5
"El hotel es pequeño, pero sin duda uno de los mejores en Rincón de Guayabitos, cuenta con una alberca de buen tamaño y el servicio es bueno, la ubicación es exc...",4.0,Hotel & Suites Mar Y Sol Las Palmas,4.0
"La isla es muy pequeña, pero sin duda es hermosa, es un lugar que no debes dejar de conocer si estás de visita en esta zona, recomiendo que lleves comida, porqu...",5.0,Isla de Coral,4.0
"Hotel a buen precio, las habitaciones son normales, nada lujoso, el hotel está en buenas condiciones de higiene. El desayuno que ofrecen como cortesía es bueno ...",4.0,Hotel Parque Central,3.5
"Buen servicio, habitaciones limpias y con bonita vista, la alberca es demasiado pequeña para el tamaño del hotel y el número de personas que maneja en temporada...",4.0,Hotel Amarea Acapulco,3.5
