"Estuvo muy padre, muy buen servicio, quiero regresar, los que mejor me encantaron son Allan Martz, Sonia Arjona, Alberto Zitac, dan muy buen servicio, bailan he...",5.0,Canto Del Sol Plaza Vallarta,4.0
"Esta muy padre es algo rustico, y muy padre me gusto mucho, esta céntrico tiene playa tienen que ir esta geneal",5.0,Bahía de Banderas,4.5
"Es muy padre hay muchos restaurantes, y cosas para comprar de recuerdos no me gusta porque lleve unos zapatos incomodos llévense zapatos comodos..",5.0,Malecón Boardwalk,4.5
"me fui a las islas marietas en un barco, desde puerto Vallarta bajaron a snorkelear, y después bajaron a entrar a la isla mi familia no entro porque había mucha...",5.0,Islas Marietas,4.5
"esta muy padre esta bajita el agua del mar, es apto para niños ir a snorkelear, hay peses de colores el agua esta clarita y la arena blanca, hay un restaurante ...",5.0,Playa Las Ánimas,4.5
"esta muy padre nadar con delfines, les das de comer, bailas con ellos, te dan una vuelta en la alberca, son amables, y obedecen a los entrenadores tienen que ir...",5.0,Vallarta Adventures,4.5
"es una cascada tienes que caminar mucho, lleven zapato comodo o si no quieren caminar rentan caballos, y cuando bajas hay una playa, no es para meterse porque e...",5.0,Quimixto,4.5
"esta muy padre la islita chiquita, allí se bajan a snorkelear, tienen que ir, se la pasaran super padre no pueden faltar a puerto vallarta",4.0,Los Arcos,4.5
