"Excelentes desayunos de calidad así como buen servicio, los precios son bastante económicos y el concepto del lugar está padrisimo.",5.0,Pignic,5.0
"El lugar es realmente impresionante, el tour plus esta padrísimo, recorrido en bicicleta, rappel, un recorrido a cuevas secas donde te hacen una proyección y te...",5.0,Río Secreto,4.5
"El hotel es nuevo, es bonito y muy grande, pero de tan grande que esta hay carritos que te llevan a la playa, restaurantes, edificios etc. pero no me gusto que ...",3.0,Ocean Riviera Paradise,4.5
La ciudad de las artes y las ciencias es verdaderamente uno de los mejores lugares de España! Tiene que ser visita segura si estas en Valencia o cerca de ahí.,5.0,Ciudad de las Artes y las Ciencias,4.5
"Mi experiencia en Tikua fue bastante buena, desde la recepción, el servicio, la comida y el ambiente. Tenían música en vivo y después piano. Fue excelente. Feli...",5.0,Tikua Sur Este,4.5
"Realmente impresionante, aparte que después de las 6 si bien recuerdo, puedes entrar gratis al museo! Vale la pena visitarlo.",5.0,Museo del Louvre,4.5
"Al comprar en linea no tenia tantas expectativas acerca del lugar, pero al llegar me parecio un lugar super diferente a todo lo que habia visto en Amsterdam, un...",5.0,Heineken Experience,4.0
"Para la mejor vista y los mejores atardeceres solo aqui, es muy facil llegar en autobus, y para bajar a la zona centro tambien es muy cerca aprox unos 15 minuto...",5.0,Plaza de Miguel Ángel (Piazzale Michelangelo),4.5
"Agradable para ir de fiesta con tus amigos, te permiten poner musica, esta muy bien equipado ya que cuenta con cocina, comedor, balcon etc. El hotel tiene resta...",4.0,Apartamentos Poniente Playa,4.0
"La playa es bonita, no es lo mejor pero si esta muy bien! trata de llegar temprano para conseguir un buen lugar ya que en verano se suele llenar bastante y solo...",4.0,Playa Cala Salada,4.5
"Buen lugar para una buena hamburguesa en Praga, los precios son accesibles y la comida esta muy buena! La atención me pareció bien, mas no excelente, la terraza...",4.0,DISH fine burger bistro,4.5
"Compre en esta aerolinea por lo economico, pense que iba a ser algo verdaderamente basico, al abordar me di cuenta que es una aerolinea de primera calidad, la a...",5.0,Turkish Airlines,4.0
"Esta a 5 minutos caminando desde el aeropuerto, el lugar es muy limpio y las habitaciones muy amplias, el personal es muy amable también, el desayuno muy comple...",5.0,Pisaland,4.5
"El lugar me pareció bien por el precio, es limpio y recibí muy buena atención, pero yo y mi amiga llevábamos equipaje y no hay elevador, así que batallamos bast...",3.0,La Vigna Dolce di Anna,4.0
"Al llegar nos dijeron que teníamos que esperar hasta las 3 para hacer check in pero ellos nos hablarían, se hicieron las 3 pm y no nos llamaron así que fuimos a...",2.0,Rest Up Hostel,3.0
"Buena opción, no muy económico pero tampoco muy costoso, habitaciones tranquilas y limpias. Esta un poco alejado del centro de Amsterdam, pero puedes caminar ap...",4.0,Lloyd Hotel,4.0
"Hicimos aprox 30 minutos de fila para comprar el kebab, para mi gusto he bueno pero me esperaba un poco mas, he probado mejores y no en Alemania. Aun asi es muy...",3.0,Mustafa's Gemuese Kebab,4.5
"El lugar es bueno, limpio, y lo mejor es la ubicación! En el mero centro, por la noche la calle se llena de gente que sale a caminar o a beber algo. El desayuno...",4.0,La Posada de Huertas,4.0
"El hotel es muy bonito, albercas grandes y la playa esta muy limpia y ordenada, la antencion es excelente, siempre hay alguien preguntándote que quieres de toma...",5.0,Hotel Riu Vallarta,4.0
"Este tour sobrepaso mis expectativas, desde el personal, en especial el grupo I, que nos hicieron pasar un día excelente (neto, rubi, poncho, david, efrain) ent...",5.0,Outdoor Adventure by Vallarta Adventures,5.0
Un lugar que tienes que conocer en la rivera Nayarit!! Es impresionante como con el paso de miles de años se formo algo así. Recomendado!,5.0,Islas Marietas,4.5
"Es muy bonita la playa, aunque no impresionante, pero lo interesante aquí es la tranquilidad que se percibe, la naturaleza y los sonidos de los animales y pajar...",4.0,Vallarta Adventures - Las Caletas Beach Hideaway,4.5
"Si te gustan las películas y el cine, este lugar es el mas indicado! Aprendes muchísimo de efectos que usan en las películas o series, y te explican como los a...",5.0,Universal Studios Hollywood,4.5
"De todos los hoteles en México en los que me he hospedado, sin duda la cadena RIU se lleva el lugar #1, la mejor comida, mejor atención, instalaciones muy cuida...",5.0,Hotel Riu Santa Fe,3.5
"La comida la verdad casi no me gusto, no hubo ningún platillo o algo que me impresionara, estaba regular. La alberca muy pequeña, y las habitaciones regulares, ...",3.0,Occidental Tucancun,4.0
"El hotel es muy bonito, muy bonito lobby, la playa enorme y las albercas grandísimas, pero el servicio es de lo peor, nadie sabe nada, no te pueden informar nis...",3.0,Grand Oasis Cancun,3.5
"Este lugar te llena de vibra, es impresionante todo lo que nuestros ancestros fueron capaces de hacer. Excelente para ir a visitar!",5.0,Zona Arqueológica de Chichén Itzá,4.5
"Hermoso lugar para ir a conocer, aprendes muchísima historia de Mexico y España, es realmente interesante.",5.0,Zócalo de la Ciudad de México,4.5
"Mi estadia en The reef playacar fue confortable, el lugar es muy relajante y las habitaciones son tipo cabañitas entre la selva, estas super en contacto con la ...",4.0,The Reef Playacar,4.0
"Vistas impresionantes, mucha cultura, historia, arqueologia, se siente una vibra especial. Recomendadisimo",5.0,Parque Xel-Há,4.5
"Esta bien para ir a dar la vuelta de noche, ideal para comprar una nieve (helado) o para personas que esten enfadados de comer lo mismo en el hotel, hay mucha v...",4.0,Quinta Avenida,4.0
"Fue una experiencia unica, el mejor lugar natural que he visitado. Relajación, diversion y cultura en un solo lugar! Me encanta.",5.0,Parque Xcaret,4.5
