"This place is just fantastic, I still can't believe how come mother nature can do so beautiful places around the world. Indeed.",5.0,Islas Marietas,4.5
"Such an amazing experience, I almost lost my breath and I realized my condition is not that good and I need to work out a little bit more but the view was outra...",5.0,La Peña de Bernal,4.5
"I basically Walked through this to enjoy the view. The are many restaurants and bars close by, so there's no excuses to stop by and get your selfie",5.0,El Acueducto De Queretaro,4.5
"I've been many times in this night club and basically is awesome!! The music is so loud and infectious, it's impossible stay sit down in your chair. You can go ...",5.0,Mandala Cancun,4.0
"En mi opinión es uno de los mejores night clubs que he visitado, quiero destacar el miércoles por el pole dance contest, esta fuera de este mundo!! La música s...",5.0,Palazzo Cancún,4.5
"Estuve hospedado hace poco mas de una semana, mi experiencia en general fue muy buena, pero hay algunos puntos que me encantaría destacar. La bienvenida fue por...",5.0,Sandos Cancun,4.5
"First the reception was not good not bad, but the table was not ready at the moment we arrived. The hostess invited us to go to the bar and lounge area. My frie...",2.0,Juvia,4.0
"Para comenzar era el día de mi cumpleaños, la atención fue excelente, des afortunadamente ya no recuerdo el nombre de los empleados que nos atendieron, una de l...",5.0,La Carreta,4.0
