"Bueno, este lugar es uno de los mangles mas grandes de México, en el cual existe mucha biodiversidad; soy Biólogo, y bueno hay desde aves muy interesantes hasta...",5.0,Manantial La Tovara,4.5
"Es una playa a la cual solo se puede llegar en lancha (taxi lancha) desde boca de Tomatlan, hace como 5-10 minutos en lancha. Y es una playa muy bonita, muy sol...",5.0,Playa Las Ánimas,4.5
"Es un buen lugar, muy buena cascada; mucha caminata de bajada y de subida, pero muy buen lugar, no cobran la entrada, venden comida afuerita. En fin! Excelente ...",4.0,Salto del Nogal,4.5
"Es un lugar muy cercano a Austin; cobran 10 US$ por carro, cuenta con baños limpios, hay que bajar una serie de escaleras y adentrarse en un tipo de (Selva) y a...",5.0,Hamilton Pool Preserve,4.5
"Guayabitos esta muy feo, pero al final de la bahía hay un lugar llamado punta raza, no se puede acceder fácilmente, solo caminando o teniendo influencias con lo...",5.0,Rincón de Guayabitos,4.5
"Es un lugar increíble, en el cual se juntan las tradiciones, la naturaleza y la historia del pueblo Maya. Esta cultura maya era increíble, todo estaba bien pens...",5.0,Zona Arqueológica de Tulum,4.5
"Puedo decir abiertamente que Canadá es mi país favorito, es el mejor (para mi), y las cataratas no son la excepción, es un lugar maravilloso; lleno de vida noct...",5.0,Niagara Falls Canada,5.0
"Las islas marietas es un lugar increíble, como Biólogo puedo recomendarla al 100% es un lugar natural increíble, es una ANP (Área natural protegida), tiene much...",5.0,Islas Marietas,4.5
