"I am so thankful we have Katherine and Company here in Beaumont!!! There are not many good places to eat in town that rival Houston, this is one of them. The fo...",5.0,Katharine & Company,4.5
"A lovely place to eat In Salem. The seafood is fresh, the Staff is friendly, the desserts are made in house. The food is amazing, the lobster bisque is a must a...",5.0,Turners Seafood,4.5
"This is the 7th time we have stayed here. We were just here in March as well. I live it here, the staff is friendly and wonderful. The wonderful manager gave us...",5.0,Hyatt Ziva Puerto Vallarta,4.5
"This is the 7th time we have stayed here. We were just here in March as well. I live it here, the staff is friendly and wonderful. The wonderful manager gave us...",5.0,Hyatt Ziva Puerto Vallarta,4.5
"This is the 7th time we have stayed here. We were just here in March as well. I live it here, the staff is friendly and wonderful. The wonderful manager gave us...",5.0,Hyatt Ziva Puerto Vallarta,4.5
"Our fourth time here, we keep coming back and still love it. We were here in December and back now. The staff is amazing, the food is great, drinks are good. Th...",5.0,Hyatt Ziva Puerto Vallarta,4.5
"Our fourth time here, we keep coming back and still love it. We were here in December and back now. The staff is amazing, the food is great, drinks are good. Th...",5.0,Hyatt Ziva Puerto Vallarta,4.5
"Our fourth time here, we keep coming back and still love it. We were here in December and back now. The staff is amazing, the food is great, drinks are good. Th...",5.0,Hyatt Ziva Puerto Vallarta,4.5
We had an amazing dinner here with friends on a trip in October. The ambiance was amazing. The views beautiful. Our service was absolutely wonderful. The wine m...,5.0,Ristorante Grotta Palazzese,3.5
"Being a local, I prefer to try to eat local. They do have two more restaurants in Houston, but that is all. This restaurant is always on point, their seafood is...",5.0,Floyd's Cajun Seafood and Texas Steakhouse,4.5
"I had the pleasure of staying at this Hotel the weekend of September 9th. The hotel staff was absolutely amazing. The hotel was beautiful, the rooms were beauti...",5.0,"The St. Anthony, a Luxury Collection Hotel, San Antonio",4.5
"Waited an hour and a half for food. I was looking forward to this all day after reading reviews..will not be back. It took an hour and a half to get our food, o...",1.0,Opus Ocean Grille,4.0
"This is our second time staying at this resort. We could not have asked for a more pleasant stay. The staff is amazing, the food at the restaurants is good, th...",5.0,Hyatt Ziva Puerto Vallarta,4.5
"This is our second time staying at this resort. We could not have asked for a more pleasant stay. The staff is amazing, the food at the restaurants is good, th...",5.0,Hyatt Ziva Puerto Vallarta,4.5
"This is our second time staying at this resort. We could not have asked for a more pleasant stay. The staff is amazing, the food at the restaurants is good, th...",5.0,Hyatt Ziva Puerto Vallarta,4.5
"We were so thankful to be able to do this tour. Our hotel recommended Eco Tours. The team was very professional, we could not have asked for better guides. T...",5.0,Islas Marietas,4.5
"We had the pleasure of dining at this amazing restaurant. The food was delicious. Our appetizers were wonderful, the lobster cooked to perfection and the dess...",5.0,Le Kliff,4.5
I have eaten here a couple of times now. They have new crab nachos that are absolutely wonderful. The boudain balls are great also. I really don't care for much...,4.0,Tia Juanita's,4.5
"I cannot say enough about Raos. The sweet treats are the best from the beautiful cakes, the amazing muffins, dreamy cupcakes. There is something for everyone he...",5.0,Rao's Bakery & Coffee Cafe,4.5
"I came in to try some Mexican food. The service was good, the tacos were very bland. The cheese enchilada was bad as well. I will say the tamale was seasoned we...",1.0,El Columpio,4.5
"Great place do dine, variety of food. The burgers are great, the fried fish and shrimp is wonderful, and the slaw has a wonderful cajun flair. The homemade cobb...",5.0,The Rodair Roadhouse,4.5
"The food was good. Not excellent, but good, for where I was staying. There is a variety of food, mexican, american, steaks and burgers. The portions are generou...",3.0,Garcias Cafe,4.0
Carrabas has wonderful italian food. There is not one thing on the menu that is not wonderful. You can top your amazing meal off with Chocolate Dream for desser...,5.0,Carrabba's Italian Grill,4.5
I can't say enough good things about Raos. The staff is always friendly and helpful. The cakes are absolutely amazing from the Eclipse to the Charlotte and the ...,5.0,Rao's Bakery and Coffee Cafe,4.5
