En general el hotel muy bien. La mayoría de los empleados con el espíritu de servicio bien puesto. Buena estrategia el numerar las toallas con esto dejas de pre...,4.0,Emporio Ixtapa,4.5
desconocido,40.4,Cancún,40.4
La comida y el servicio muy bien. Lo mejor que esta ubicado a un costado del famoso jardín Unión y frente al emblemático Teatro Juárez,4.0,Casa Valadez,4.0
"Si buscas una playa tranquila, libre de vendedores ambulantes y con mucho espacio, visita alguna de las playas de nuevo vallarta, a sólo unos minutos de puerto ...",4.0,Nuevo Vallarta,3.5
"Te citan media hora antes de tu salida, debes procurar estar 40 min antes para evitar aglomeraciones ya que debes pagar y te checan al ingresar a la terminal ma...",4.0,Vallarta Adventures,4.5
"Es un hotel que gracias a la dirección de Adolfo (creo así se llama) se va a ir para arriba, cierto que es un hotel que necesita un poco de mantenimiento pero a...",4.0,Flamingo Vallarta Hotel & Marina,4.0
Excelente lugar para pasear que se transforma por la noche. Es totalmente peatonal ya que cerraron un tramo en donde antes pasaban vehículos,4.0,Malecón Boardwalk,4.5
"Es un parque nacional o reserva que da hogar a numerosas aves. Puedes practicar snorquel, buceo, kayak y paddle board a sus alrededores. Debes contratar un tour...",5.0,Islas Marietas,4.5
"LLeno de embarcaciones de diferente tamaño, que por a noche se convierte en un paseo lleno de pintorescos ""puestos"" desde postres hasta pinturas y claro los ree...",4.0,Marina Vallarta,4.5
Reserve un mes antes por internet para aprovechar el 15% de descuento y oh sorpresa al llegar me di cuenta que es mucho más económico reservar el tour aquí. Ade...,2.0,Vallarta Adventures - Las Caletas Beach Hideaway,4.5
"Es una construcción de la época de Don Porgirio Diaz, conseva su estructura que incluye un reloj. En su interior puedes encontrar de todo: comida preparada, ver...",4.0,Mercado Hidalgo,4.0
Puedes llegar por Silao o por Valenciana (Gto. Capital) el trayecto es largo(45min) debido al camino; pero vale la pena. A sus faldas encontrarás muchisimos lug...,5.0,Santuario de Cristo Rey,4.5
El salón fumadores es magnífico. Por. Una módica cuota puedes entrar a visitarlo. O asistir a algún evento cultural. Vale la pena. Al exterior lo decoran 9 musa...,5.0,Teatro Juárez,4.5
"Me hospede en la villa contramar, muy espaciosa, limpia y en general buen servicio. Me pude dar cuenta que en Zihuatanejo es común tener a/a sólo en las habitac...",4.0,Villas El Morro,4.0
Pocos lugares con sombra. debes alquilar mesas y sillas. mucha gente y por lo mismo vendedores ambulantes. Esta playa es donde se concentran la mayoría de hotel...,3.0,Playa el Palmar,4.5
los precios de la enramadas del lugar se comparan a las de un buen restaurante y la presentación y el sabor es malo,3.0,Playa la Ropa,4.5
"Bien cuidada, poca gente, pocos vendedores ambulantes, el oleaje magnifico. Muchas áreas con sombra.",5.0,Playa Quieta,4.5
"Es un hotel muuuy pequeño, la ""alberca"" es pequeñísima. Sólo las habitaciones tienen aire acondicionado. Recomendado sólo para pasar la noche. Cristhian el admi...",3.0,Hotel Las Salinas,4.5
"Es una gran colección de momias desde bebés hasta adultos, que llegaron a este estado por los minerales que hay en el suelo donde los sepultan. En temporada alt...",4.0,Museo de las Momias,3.5
"Es un hotel comodo, céntrico y con muy buen servicio. Un plus es el desayuno que ya esta incluido, además que tienen valet parking. Llegas caminando a muchos lu...",5.0,Hotel y Suites Galeria,4.0
