"Benefitted from being close to our hotel, but the restaurant serves excellent food with friendly and helpful service",4.0,Old Zermatt,4.0
"Lunch in Findeln is one of Zermatt's stand out holiday experiences. There a few restaurants in the hamlet and Enzian is one of the institutions, I remember comi...",5.0,Restaurant Enzian,4.5
Rarely have I experienced such high quality and friendly service in a family run hotel. We were given a lovely room upgrade and really enjoyed our stay. The hot...,5.0,Hotel Bristol,4.5
desconocido,40.4,No obtenido,
desconocido,4.5,Wellness & Beauty Hotel Alte Post St. Anton,4.5
desconocido,3.5,Protea Hotel by Marriott Walvis Bay,3.5
desconocido,4.5,Sofitel Paris Arc de Triomphe,4.5
desconocido,4.5,Oreanda Premier Hotel,4.5
desconocido,5.0,Hotel Sonne Zermatt,5.0
desconocido,4.5,GF Gran Costa Adeje,4.5
desconocido,4.5,Grecian Park Hotel,4.5
desconocido,4.5,Grand Hôtel,4.5
desconocido,5.0,Four Seasons Hotel Istanbul at Sultanahmet,5.0
desconocido,4.0,Kairaba Blue Dreams Resort,4.0
desconocido,4.5,Bauer Palazzo,4.5
desconocido,4.5,Club Belcekiz Beach Hotel,4.5
desconocido,4.0,Brauhaus Spandau,4.0
desconocido,4.0,Jetty 1905,4.0
desconocido,3.5,Fleming's Selection Hotel Frankfurt-City,3.5
desconocido,4.5,Asara Wine Estate & Hotel,4.5
