"Uno de los mejores lugares que puedes visitar si lo que buscas es una buena fiesta, sus animadores y meseros siempre están al pendiente de ti por lo que llegues...",5.0,EL SQUID ROE,4.5
"Lo primero que ves es el restaurante, que da ala calle, pero el secreto de este lugar, esa mas atrás, donde se levanta una carpa que a simple vista pareciera qu...",5.0,El Sol de Media Noche,4.5
"Es un buen lugar para hospedarte si no buscas muchos lujos, las instalaciones están muy bonitas y verdad la vista es maravillosa, buena alberca, pero si tiene a...",3.0,Sunrock Condo Hotel,4.5
"Es un viñedo muy bello, cuenta con diversas áreas donde puedes realizar degustaciones de unos ricos vinos de la casa, te atienden muy amablemente y son experto...",5.0,Monte Xanic,4.5
"El lugar es muy bello y tiene muy buenas vistas y viñedos, cuenta con la historia completa de Valle de Guadalupe desde los primeros Viñedos hasta la actualidad....",3.0,Museo de la vid y el vino,4.5
"Es un lugar apartado de las carreteras y del ruido, un hermoso lugar en el cual puedes degustar vinos y tener una cena romántica a media luz, ya que las decorac...",4.0,Viñedos Corona del Valle,4.5
desconocido,40.4,Valle de Guadalupe,40.4
"Los servicios fueron excepcionales, desde el check in hasta que deje el aeropuerto, el asiento muy cómodo y espacioso, la verdad una gran experiencia de vuelo",4.0,Aeromexico,3.5
"Para los que les gustan las hamburguesas... en definitiva tienes que visitar este lugar excelente sazon, ambiente agradable y muy buen servicio",5.0,Pistones Garage,4.0
"La verdad es una experiencia inolvidable, el trato del personal el servicio y la atención que recibimos fue excelente. Esta en una ubicación que te permite acce...",5.0,Panama Jack Resorts Playa del Carmen,4.5
"Es una gran experiencia para los que empiezan a entrar en el mundo de la aventura, aun no cae dentro de una experiencia de deporte extremo pero es una experienc...",5.0,Xplor,4.5
"Si te gusta caminar esto es lo tuyo, esta muy extensa y encuentras muchos comercios desde restaurantes, bares tiendas de abarrotes hostales tiendas de recuerdos...",5.0,Quinta Avenida,4.0
"Tienen muy buen sazon y un excelente servicio, te orientan al momento de elegir tu platillo y bebidas, en si una experiencia muy agradable",5.0,Il Pescatore,4.5
"La verdad es un lugar muy acogedor sirven muy rica comida, asisitimos a cenar en dos ocaciones a ese lugar por la comida tan rica, solo que una de las veces no ...",4.0,Los Aguachiles Constituyentes,4.5
"Es un lugar muy agradable muy buena musica buenas bebidas y a un precio accesible, ademas esta en el centro de la ciudad y tienes acceso a muchas otros lugares",4.0,La Casa de los Milagros,4.0
"El hotel es pequeño pero muy acogedor nos toco una suite con dos recamaras dos terrazas una de las cuales tiene asador, en verdad una experiencia unica, solo ti...",4.0,Mar y Suenos,4.5
"Es muy bella la playa y tiene el encanto de que para llegar a ella atraviesas un panteón, es muy tranquila y puedes disfrutar plenamente",5.0,Playa los Muertos,4.5
"Un delicioso sazon, muy buen ambiente para venir en familia o amigos, en plena zona dorada para llegar a cenar antes o despues de antro",5.0,Taco Time,4.0
Muy buen ambiente y muy rica comida todo esta excelente visiten la cura. El sazón de los alimentos es muy bueno el trato del personal es muy amable,5.0,La Cura HMO,4.5
"La comida es muy rica y tiene buen zazon, solo no se dejen engañar por los precios ya que al final en la cuenta agregan el impuesto de una manera un poco engaño...",4.0,Chato's Burger Sea Food Grill & Bar,5.0
