"Efectivamente está en un área alejada, pero el detalle aquí es que no tienen respeto ni por sus huéspedes ni el medio ambiente. la playa super mugrosa, esta bie...",1.0,Park Royal Beach Resort,3.5
"El hotel es excelente para un viaje de descanso, a pesar de que el hotel es pequeño es muy práctico y cómodo aparte de que cuenta con un excelente personal desd...",4.0,Krystal Grand Nuevo Vallarta,3.5
"la vista a las tortugas y el pescado zarandeado exquisito, excelente servicio, deliciosa comida... puede ser un lugar para comer como tradición para la familia",5.0,Mariscos Tino´s- La Laguna,4.5
"la plaza paradise me desilusiono un poco ya que me entere que varios locales han ido cerrando a causa de las rentas tan altas, cuenta con muy pocas tiendas pero...",3.0,Paradise Plaza Shopping Center,3.5
"cuenta con distintas tiendas para comprar, es una tienda para pasar el rato y cambiarle a la rutina de la playa el sol y la arena",5.0,Galerias Vallarta Shopping Mall,4.0
