"Una experiencia Gastronómica muy Placentera , el lugar acogedor en una casona con ambiente Colonial, La comida servida muy original y con mucho sabor. Lo recomi...",4.0,Guillermina Restaurant,4.0
Una experiencia extraordinaria la comida Margariteña llevada a otro Nivel es un Restaurante de cocina dirigida y si te dejas llevar por las recomendaciones hech...,5.0,La Casa de Esther,4.5
"Es un Hotel con las Instalaciones necesaria ni más ni menos, las habitaciones son Apartamentos con Cocina y Nevera y enseres Básicos, Ideal para pasar una Vacac...",4.0,Margarita Real Boutique Hotel,4.0
"La Cocina Venezolana llevada a un nivel muy alto con fusiones de sabores, el lugar acogedor y una excelente atención. He tenido la oportunidad de ir con la Chef...",4.0,Hajillo's,4.0
"Es una primera opción si visitas Puerto Vallarta, la comida es preparada en el momento tipo Gourmet a lo Mexicano, la atención de primera y el sitio es paradisí...",5.0,Ocean Grill Restaurante & Club de Playa,4.5
Es cierto ir a Pto Vallarta y no ir a Islas Marietas es como ir a Capri y no ir a la Gruta Azul. Saliendo de la Marina de Puerto Vallarta no se permite entrar ...,4.0,Islas Marietas,4.5
"Lo mas importante es la puntualidad y servicio, los aviones comodos aumque no tienen suficiciente confort (No se tiene la Opción de escuchar musica o ver Pelicu...",4.0,Copa Airlines,4.0
"Muy buena opción para comer en el Centro de Caracas de lo mejor de la comida española, en especial la Paella",4.0,La Cita,4.5
"Es una muy Buena Opción para Desayunar he ido ambos y me quedo con el de Las Mercedes, mejor ambiente, mejor atención y no ese sistema de despacho que tiene el ...",4.0,Mokambo,4.0
"Fuimos un grupo de Cuatro (04) Venezolanos, coincido con muchos comentarios que son muchas horas montados en una Buseta, lo compensa lo ameno y didactico del Gu...",4.0,Viajar Por Escocia Tours en Español,5.0
