"Indudablemente hubo un apoyo Mexicano importante para desarrollar el lugar, pero los que se encargaron (sin realmente quererlo) de la ""publicidad"" mundial, e in...",5.0,Viejo Vallarta,4.5
"Este fin de ano 2015, sera inolvidable, excelente atencion y la comida exquisita . Y los muchachos super atentos, sobre todo el capitan atento todo el tiempo, p...",5.0,Vallarta Adventures,4.5
"Este fin de ano 2015, sera inolvidable, excelente atencion y la comida exquisita . Y los muchachos super atentos, sobre todo el capitan atento todo el tiempo, p...",5.0,Vallarta Adventures,4.5
"Pienso que es una de las mejores, se hacen muchas actividades y se cancela poco en comparacion con las otras. los felicito todo el grupo de anfitriones fue exce...",5.0,Islas Marietas,4.5
"Genial, para las personas que quieren algo diferente, se sube la adrenalina y lo disfrutamos mucho!!! Los muchachos Puma, Javier, Hugo, Johny, Pepe, Mack y una...",5.0,Indio Adventures,4.5
"Esta excursion esta llena de detalles impresionantes, lujo, comida, atraciones. Si te quieres sentir como un rey o reina asiste!!! no tengo nada que decir EXCEL...",5.0,Rhythms of the Night by Vallarta Adventures,4.5
"Super impresionante , tuvimos la oportunidad de ver una a casi dos metros de distancia, amigos eso es impresionante. Quedamos en Shock!!!. Todos debemos pasar e...",5.0,Vallarta Adventures,4.5
"Super impresionante , tuvimos la oportunidad de ver una a casi dos metros de distancia, amigos eso es impresionante. Quedamos en Shock!!!. Todos debemos pasar e...",5.0,Vallarta Adventures,4.5
"Fue muy reconfortante y tranquilo, lo hicimos con la empresa vallarta adventures, Visitamos el Malecon, el Casco Historico, nos reseñaron donde vivio Liz Taylor...",5.0,Malecón Boardwalk,4.5
