"La a atención es buena. Y el ambiente agradable. Cuenta con estacionamiento propio, metros antes del lugar.",5.0,Café Lusso,4.5
"Excelente hotel,sobre todo excelentes meseros en el Restaurante.Mi hermana es vegetariana y la consintieron con comida que no está en la carta.Todo muy rico.El ...",4.0,Olas Altas Inn,4.0
"Esperábamos encontrar mucha gente por la temporada en la que fuimos, pero no fue así (navidad). La playa era prácticamente para ti sólo. El malecón estaba tranq...",4.0,Malecón de Mazalán,4.5
"Es importante saber que debes llevar ropa cómoda, es decir tenis. A simple vista parece estar cerca, pero esta pesada la subida, sobre todo si llevas niños pues...",5.0,El Faro de Mazatlán,4.5
"Me encantó, hay muchas especies. Tanto acuáticas como terrestres y aéreas pero lo más importante es que el personal que las atiende, hacen hincapié en que los e...",4.0,Acuario Mazatlán,4.0
"La playa es muy rica, el agua no tiene oleaje alto como su nombre lo dice, está muy a gusto y tranquilo. Sólo que es importante saber que hay una zona (debidame...",4.0,Playa Olas Altas,4.5
"El hotel está ubicado en un muy buen lugar de playa. Está tranquilo y a gusto, además es perfecto para poder desplazarse a conocer los alrededores como San Panc...",4.0,Los Picos Hotel & Suites,4.0
Es un pueblo pintoresco y rico en todo los sentidos. Excelente comida y hermosos paisajes. La playa es un encanto. Hay muchos europeos. Y mucha gente hippie. to...,5.0,Sayulita Beach,4.0
"Es un lugar que sí o sí debes visitar, de aquí salen los barcos o lanchas mas cercanos a la famosa playa escondida o playa del amor. Recomendable salir de aquí,...",5.0,Punta Mita Expeditions,5.0
"México es maravilloso y lo sabes cuando visitas lugares como este. Es un lugar que debes visitar. No es necesario que sepas nadar, las personas que te llevan a ...",5.0,Islas Marietas,4.5
