"Actividad recomendada para todos. Imperdible si vas a Cancun o Riviera Maya. Un poco caro en mi opinión, pero ya que estas ahí se te olvida lo que pagaste. El ...",5.0,Parque Xcaret,4.5
"Me encanto la experiencia, Vale la pena !! en nuestro trayecto nos toco ver ballenas. visita obligada si vas a Nayarit o puerto Vallarta! Puedes practicar acti...",5.0,Islas Marietas,4.5
Me encanto y lo disfrute mucho! de noche o de día el lugar ideal para disfrutar de una caminata y una hermosa vista! Les recomiendo probar el agua de tuba! mm...,5.0,Malecón Boardwalk,4.5
"A menos que seas una pareja gay, esta zona no es tan romántica, si es pintoresca, si tiene varias opciones para comer, pero no es lo mejor de Vallarta.",4.0,Zona Romántica,4.5
"Nos encanto el hotel, las instalaciones eras nuevas, recientemente inaugurado, el servicio excelente. la comida deliciosa, muy variada. A nuestra llegada nos hi...",5.0,Hotel Riu Palace Peninsula,4.5
