"Muy rico y tranquilo, la atencion y las recomenaciones de los meseros muy buenas. Platillos muy bien servidos y de buen precio. Muy recimendable",5.0,Mizaki,4.5
"Muy rico y tranquilo, la atencion y las recomenaciones de los meseros muy buenas. Platillos muy bien servidos y de buen precio. Muy recimendable",5.0,Mizaki,4.5
"Recomendable al 100%, instalaciones, servicio y ambiente. La ubicación del restaurante. La comida lo mejor, sin dejar de lado la atención.",5.0,Mizaki,4.5
"Recomendable al 100%, instalaciones, servicio y ambiente. La ubicación del restaurante. La comida lo mejor, sin dejar de lado la atención.",5.0,Mizaki,4.5
"Un hotel con historia propia, dentro de la ciudad amurallada, la atención de todo el personal es excelente las instalaciones son hermosas, las habitaciones limp...",5.0,Sofitel Legend Santa Clara,4.5
"Conocimos a Christophe Tessier (Manager) y Óscar ( sommelier ) En plan de descanso, nos causaron una grata impresión como personas invitándonos a conocer el re...",5.0,Restaurante 1621,4.5
"Una ciudad con historia, encanto, personas alegres y atentas, variedad y calidad en hospedaje y restaurantes. Caminar por la muralla una excelente experiencia.",4.0,Ciudad Amurallada,4.5
"El lugar es muy acogedor, la comida sabe a auténtica cocina italiana. Pedimos unos entradas, pasta, lasaña. Vale la pena que te recomienden el vino alguno de lo...",4.0,La Dolce Vita Vallarta Malecon,4.5
"La naturaleza en todo su esplendor, el lugar te da paz y esta bien conservado, esperando que por tanto tour no lo arruinen. es mejor ir temprano por que en las ...",5.0,Islas Marietas,4.5
"La comida muy buena asi como el servicio, si te acomodas en la ultima planta tienes muy padre vista de puerto vallarta. una tipo de comida diferente a lo que en...",4.0,Barcelona Tapas Puerto Vallarta,4.5
"Fuimos por casualidad y nos agrado muchísimo, el pan de la casa riquisimo y la carta tanto de comida como vinos buenísima, la mayoría de la gente muy bien vesti...",4.0,Mastro's Italian,4.5
"Es un hotel que esta ubicado en el centro de las vegas blvd. por lo tanto su ubicación es excelente,las suites super confortables y bonitas es un casino pequeñ...",5.0,The Palazzo at The Venetian,4.5
"Mi opinión era que no podia irme de Las Vegas sin cenar. La decoración del lugar es excelente la comida gourmet, por lo tanto pequeñas las porciones pero las vi...",4.0,Picasso,4.5
Es el restaurante más romantico y con mejor vista de NY que hemos estado. La vista son impresionante por la noche se puede apreciar el famoso skyline de manhata...,4.0,The River Cafe,4.5
"sentirte newyorkino con una vista de lujo, si te gusta correr es una excelente opción, las fotos de recuerdo son muy buenas",4.0,Puente de Brooklyn,4.5
"Deliciosas, la clasica con tocino esta deliciosa, fuimos 2 veces, la segunda cenamos hot dogs, pero para mi las hamburguesas son mejores sin dejar de tomar una ...",5.0,Shake Shack,4.5
"Pequeño pero lleno de detalles, de lo mejor que hemos visto y estado. Todos las atenciones del personal son algo que nos causó una grata estancia, cerca del cen...",5.0,L´Ôtel,5.0
Lo buscamos por la recomendacion de tripadvaisor. Nos encontrábamos cerca en central park y nos quedaba cerca y decidimos entrar a comer ( aproximadamente 6.00p...,4.0,Basso56,4.5
"La vista es espectacular, el tiempo de espera es razonable aprox 30 min. tomen video cuando vayan en el elevador. la intruduccion es interesante. te ofrecen fot...",4.0,Observatorio Top of the Rock,4.5
"Son 3 veces las que me he hospedado y me ha tocado ver como lo reconstruyen, la ubicacion es excelente , tardas 10 min a pie a Times Square y 20 min a la quinta...",4.0,YOTEL New York,4.0
"Vale la pena la vista del danuvio y el Parlamento desde Buda hacia Pest. Además disfrutar de todo el entorno que lo rodea, su arquitectura, el castillo, sus caf...",4.0,Fisherman's Bastion,4.5
"Recomendable y el lugar espectacular puedes tomarte fotos interiores de mechos angulos, te transportas a la historia del lugar",5.0,New York Cafe,4.0
