Me gustan los desayunos :) y el servicio es rapido :) para reuniones y familiar . Hasta para celebrar algun tipo de evento,4.0,La Espadana,4.5
"Es un pueblo muy chico pero vale la pena pasar por ahi, es la segunda ves que voy y es tranquilo. Si vale la pena llegar pasearse",3.0,Misión Santa Rosalía de Mulegé,4.5
"Es uno de los lugares mas impresionantes a la vista, puedes ver en cierta parte y no exactamente ahi sino mas alejado en una montaña nieve y al mismo tiempo ahi...",4.0,Bryce Canyon National Park,5.0
"Lugar muy lindo para visitar y observar la vista. Puedes ver variaciones de clima :) dependiendo de cuando vayas , es un dia para poder verlo todo, o ciertas pa...",5.0,Bryce Canyon ATV Adventures,4.5
"Se ve impresionante, un lugar donde definitivamente tienes que llegar y pasearte. Para caminar bastante e ir buscando bonitas vistas",4.0,Natural Bridge,4.5
"Es uno de los lugares que definitivamente tienes que conocer de mexico, quiza no es tan grande pero vale la pena conocerlo, tienes que nadar para llegar ahi, es...",5.0,Islas Marietas,4.5
"nosostros fuimos en marzo, es un buen hotel, comodo, tiene buen servicio buen servicio, es un poco grande, presenta shows muy buenos",3.0,Casino at Luxor Las Vegas,4.0
"uno de las mejores atracciones de panama, puedes llegar facimente en bus es mucho mas economico, tienes que llegar a albrook, y de ahi trasladarte a miraflores,...",4.0,Panama Canal Tours,4.5
"me gustaron las islas, estan bonitas, lo unico malo son las personas que las atienden, la comarca de kuna ayala, se estan dejandose llevar por el dinero, no son...",4.0,Islas San Blas,4.5
"es muy bonito, un poco caro debido a que muchos turistas estan hospedandose ahi, pero esta cerca el mercado de mariscos asi que es una opcion tambien barata si ...",4.0,Casco Viejo,4.5
"es muy interesante como pudieron realizar esto, asi que debes de ir, no puedes faltar a tan impresionante espectaculo",4.0,Gatún Locks,4.5
"estos tacos son muy buenos, no solo porque vivo en tijuana, pero mi novio que es americano totalmente ama estos tacos, asi que, son muy recomendables :)",4.0,Tacos El Franc,4.5
"Esta cerca del metro Castro pretorio, el Internet restringido, cobra por dia, es amable el personal de recepcion, las Camas son comodas, tiene television con tc...",3.0,Hotel des Artistes,4.0
