Sin duda alguna uno de los mejores lugares... ahora toco el desayuno... Jesus siempre atento a tus necesidades. cuando visites Puerto Vallarta no debes dejar de...,5.0,Kaiser Maximilian,4.5
Sin duda alguna uno de los mejores lugares... ahora toco el desayuno... Jesus siempre atento a tus necesidades. cuando visites Puerto Vallarta no debes dejar de...,5.0,Kaiser Maximilian,4.5
Sin duda alguna uno de los mejores lugares... ahora toco el desayuno... Jesus siempre atento a tus necesidades. cuando visites Puerto Vallarta no debes dejar de...,5.0,Kaiser Maximilian,4.5
excelente opción para ir en grupo de amigos a dejar atrás el estress de lo cotidiano.... muy bien atendidos y divertidos..,5.0,Canopy Tour El Edén,4.0
Nos la pasamos genial... mis hijos hicieron las actividades extremas y el mas pequeño disfruto como grande en el área de niños chiquitos!!!!! Muchas gracias....,5.0,Aquaventuras Park,4.0
donde sin duda alguna te sentirás en casa.... super consentido y ademas comiendo sano!!!!! el ambiente es muy peculiar y amistoso el servicio....,5.0,Barra Light Vallarta,5.0
donde sin duda alguna te sentirás en casa.... super consentido y ademas comiendo sano!!!!! el ambiente es muy peculiar y amistoso el servicio....,5.0,Barra Light Vallarta,5.0
que decir de este.... saludos Nat..... el café llego caliente... jijiji.... super recomendable y personal muy amable....calle olas altas...cerca de el Hotel Los...,5.0,Big Kahuna,4.5
que decir de este.... saludos Nat..... el café llego caliente... jijiji.... super recomendable y personal muy amable....calle olas altas...cerca de el Hotel Los...,5.0,Big Kahuna,4.5
"Si es de mañana, de seguro podrás gozar de un excelente desayuno..... acompañado por un rico café de la casa.... pide que te atienda Jesús. ..es el.mejor!!!!",5.0,Kaiser Maximilian,4.5
"Si es de mañana, de seguro podrás gozar de un excelente desayuno..... acompañado por un rico café de la casa.... pide que te atienda Jesús. ..es el.mejor!!!!",5.0,Kaiser Maximilian,4.5
"Si es de mañana, de seguro podrás gozar de un excelente desayuno..... acompañado por un rico café de la casa.... pide que te atienda Jesús. ..es el.mejor!!!!",5.0,Kaiser Maximilian,4.5
La comida es muy orgánica y deliciosa.... inclusive mi hijo quedo fascinado con su super pacha!!!! sin duda es un buen lugar para comer...,5.0,Salud Super Food,5.0
Quede muy impresionada con el lugar tiene mucha vegetación y un ambiente muy peculiar. sin duda volvere algun dia...,4.0,Coco's Kitchen,4.5
para los amantes de lo sano.... aquí tu le pones el ingrediente favorito a tu ensalada!!!! muy recomendable....,5.0,Barra Light Vallarta,5.0
para los amantes de lo sano.... aquí tu le pones el ingrediente favorito a tu ensalada!!!! muy recomendable....,5.0,Barra Light Vallarta,5.0
muy cerca del muelle en la zona romántica..... yo adoro ese café.... ambiente muy amistoso..... también tienen deliciosos muffins horneados ahí mismo!!!!!!! muy...,5.0,Dee's Coffee Company,4.5
"La mejor fecha sin duda. pase una velada maravillosa. muchas gracias a todo el staff que estuvieron muy al pendiente de nosotros, como siempre el lugar es tan m...",5.0,Rhythms of the Night by Vallarta Adventures,4.5
"fuimos a festejar el cumpleaños de una compañera y fue placentero los meseros estuvieron uy atentos, aparte esta súper céntrico y con una vista al mar increíble...",5.0,The Blue Shrimp Puerto Vallarta,4.5
Casi todos los días me escapo a comprar un café. mi favorito es el White Mocka..... claro con caramelo y crema batida...... las chicas que te atienden son de lo...,5.0,Big Kahuna,4.5
Casi todos los días me escapo a comprar un café. mi favorito es el White Mocka..... claro con caramelo y crema batida...... las chicas que te atienden son de lo...,5.0,Big Kahuna,4.5
el lugar esta maravillosamente ubicado en el centro de Puerto Vallarta el servicio es genial teníamos mucho trabajo y decidimos ir a comer ahí.... la pizza es d...,5.0,Stanza Restaurant Bar Lounge,5.0
"tiempo de consentirme después de una temporada de trabajo arduo. maravilloso el servicio de las terapeutas, muy bien entrenadas y realmente te mandan a visitar ...",5.0,Spa Holistic,5.0
"Nuevamente con el deleite de este maravilloso lugar, Jesús...... el mejor mesero, siempre atento y esperando brindar su mejor sonrisa, el lugar esta ubicado per...",5.0,Kaiser Maximilian,4.5
"Nuevamente con el deleite de este maravilloso lugar, Jesús...... el mejor mesero, siempre atento y esperando brindar su mejor sonrisa, el lugar esta ubicado per...",5.0,Kaiser Maximilian,4.5
"Nuevamente con el deleite de este maravilloso lugar, Jesús...... el mejor mesero, siempre atento y esperando brindar su mejor sonrisa, el lugar esta ubicado per...",5.0,Kaiser Maximilian,4.5
"las hamburguesas mas grandes de la ciudad, la hawaiana esta de lujo, el lugar es pequeño pero son rápidos en el servicio y wow!!! las hamburguesas muy deliciosa...",5.0,Derby City Burgers,4.5
Fuimos un grupo de amigos y el resultado fue obtener una tarde llena de adrenalina y emocion. Los guias son fabulosos y estuvieron muy al pendiente de nosotros....,5.0,Unique ATV Tours,4.5
"Sin duda la Madre Naturaleza es muy magnánima!!!!! justo ya despidiéndonos del bello pueblito mágico San Marcos. Mpio de Tonila Jalisco.... o sorpresa, ahí esta...",5.0,Volcán de Fuego,4.5
"Sin duda quedas Stress out con esta actividad, no dudes en hacerla cuando vengas al mágico Puerto Vallarta y emociónate al máximo.... Maravilloso!!!",5.0,Canopy River,5.0
