"El lugar es bonito, la subida no es pesada, la iglesia pequeña pero hermosa, lo que lamentablemente echa todo a perder es la gente, los locatarios, muchos polic...",3.0,Iglesia de Nuestra Señora de los Remedios,4.5
"Valle de Bravo, una completa decepción, siendo uno de los lugares más turísticos del Estado de México no es posible que entre semana no haya nada abierto! Estuv...",2.0,Valle de Bravo,4.5
"Es la segunda vez que visitó.este hotel, la primera nos dejó un buen sabor de boca, muy amables, buen precio, todo muy bien, y por las mismas razones decidimos ...",2.0,Hotel Bristol,3.5
"Es la segunda vez que visitó.este hotel, la primera nos dejó un buen sabor de boca, muy amables, buen precio, todo muy bien, y por las mismas razones decidimos ...",2.0,Hotel Bristol,3.5
"Las cabañas están en buenas condiciones pero muy muy pequeñas, la ubicación es muy mala, si no tienes carro olvídalo! Ya que está lejos y es complicado para lle...",1.0,Cabañas Treje,3.0
"Revisando los lugares para poder ir a cenar me di a la tarea de ver lo triste que es valle de bravo, siendo un lugar turístico es lamentable que no haya lugares...",1.0,El Rincon Suizo,4.5
"Me encantó, los lugareños muy amables, sunque no hay nada como hagas el trato directamente con los lancheros para ir a las islas los intermediarios no son muy c...",5.0,Islas Marietas,4.5
"Un lugar pequeño para visitar, fuimos en domingo y es entrada libre, el museo pequeño pero adecuado, la gente no respeta la barrera de no pasar y tocar los atla...",4.0,Zona Arqueológica de Tula,4.5
"Una belleza natural en medio de la nada, entre cerros y un tanto alejado de la civilización, un lugar que vale la pena visitar, lo más llamativo es el río, la c...",5.0,Grutas de Tolantongo,4.0
"El hotel es muy agradable, personal amable y atento, jardin muy amplio, fallaba un poco la televisión pero es ideal para descansar, sin ruidos y espacioso! Sob...",4.0,Hotel Posada Tolteca,3.5
"Me encantó este hotel, excelente ubicación, muy cómodo, vista al Riverwalk, mini bar, agradable en todos los sentidos, personal amablede, ideal para ir en famil...",5.0,The Westin Chicago River North,4.5
"Yo fui en invierno así que como comprenderán hacia demasiado frío, estaba muerto el lugar, realmente no había mucho por hacer, solo aprovechamos para comer ahí...",5.0,Navy Pier,4.0
"Excelente lugar, personal muy amable, buena comida, con vista a la playa, bastante agradable el lugar, el postre lo sirven de manera muy original, me encantó, e...",5.0,Tuna Blanca,4.5
"Quedé enamorado del lugar, muy tranquilo, con estilo, sin duda un lugar ideal para descansar, fui antes de que comenzara la temporada alta y estuvo perfecto! Ya...",5.0,Sayulita Beach,4.0
"Mi estancia en Bernal fue en otro hotel, pero tuve la oportunidad de conocer el restaurante de este hotel y me gustó el lugar, el personal muy amable, la comida...",5.0,Hotel El Centenario,3.5
"Lugar y ambiente agradable, la comida no es muy buena, tenía buenas referencias pero no puedo dar las mismas, personal amable pero les falta ser más atención!",4.0,Maria y su bici,3.5
"La peña es lo que realmente llama al turismo, algo más por lo que iría la verdad no, el pueblo a mi punto de vista no sé de dónde lo nombran como pueblo mágico,...",3.0,La Peña de Bernal,4.5
"Me gustó el lugar, el ambiente con la música, la comida es rica, el servicio no es malo pero tampoco el mejor, algo que realmente me molesta mucho de los lugare...",5.0,El Meson de Chucho El Roto,4.0
"El lugar es agradable, limpio, acogedor, sobre eso no tengo nada encontra, lo malo respecto a mi experiencia, no hay suficiente lugar para estacionarse, tienen ...",3.0,Meson de San Andres,4.5
"Aprendes más sobre la vida de Frida Kahlo y Diego Rivera. Es un lugar que si estás en la ciudad de México, tienes que visitar!",5.0,Museo Frida Kahlo,4.5
"Buena ubicación y amabilidad. La zona muy tranquila, tienes a la mano todo, pagas lo justo por el servicio! Recomiendo hagan reservación por alguna aplicación e...",3.0,Hotel Bristol,3.5
"Buena ubicación y amabilidad. La zona muy tranquila, tienes a la mano todo, pagas lo justo por el servicio! Recomiendo hagan reservación por alguna aplicación e...",3.0,Hotel Bristol,3.5
"Suelo viajar mucho, por trabajo y más por conocer ciudades y países, pero este hotel ha sido de mis experiencias más desagradables. Es un hotel feo, alfombras d...",1.0,Fiesta Inn Ecatepec,4.0
"Si viajas a Chicago una de las paradas obligadas es aquí. El mirador esta increíble, la plática y video sobre la historia del edificio lo complementan bastante ...",4.0,Skydeck Chicago - Willis Tower,4.5
"El parque más simbólico de Chicago, ideal para caminar con esa persona especial, o con quien tu decidas, es un parque moderno, me gustó su arquitectura y dise...",4.0,Millennium Park,4.5
"La parada y Foto más obligada de Chicago, el diseño es padrisimo, la zona, está cerca de Millenium park, en invierno la pista para platinar está muy padre y la ...",5.0,Cloud Gate,4.5
"El acuario está muy bien, muy completo, está por zonas y áreas, sus guías muy amables y explicaciones completas, me gustó mucho. La ubicación está genial despué...",4.0,Acuario Inbursa,4.0
"Me encantó este hotel, excelente ubicación en la zona financiera de Toronto, restaurantes, metro, todo queda cerca, suites muy cómodas, el personal muy amable,...",5.0,One King West Hotel & Residence,4.5
"Un lugar agradable para alejarte por unas horas de la ciudad, disfrutar de una tranquilidad y visita hermosa de la ciudad. Me encantó, excelente para relajarte...",5.0,Parque Isla Toronto,4.5
"Buen hotel con buena ubicación, a unos metros de reforma, la zona muy tranquila, cómodo, personal amable, el precio va acorde con el servicio! Lugar para descan...",4.0,Hotel El Ejecutivo by Reforma Avenue,4.5
"Me encanta! Con el pase anual es diversión garantizada cada vez que tengas tiempo y ganas de ir, sin volver hacer largas filas en taquillas! El festival del ter...",5.0,Six Flags México,4.0
"El lugar no es del todo moderno ni lujoso, pero la amabilidad del personal y la limpieza del mismo es lo que me hace regresar una y otra vez, la ubicación me gu...",4.0,Suites Havre,4.0
"Siempre creí que era un hotel agradable, me hospede comenzando con que hice mi reservación por booking y al hacer check-in no respetaron el precio que se maneja...",2.0,Quality Inn Pachuca,4.0
"No puedes dejar pasar y visitar este lugar, y la foto obligada en las letras de Toronto, además de los edificios que la rodean.",5.0,Old City Hall,4.0
"Definitivamente tienes que vivirlo e ir a las faldas de las cataratas, del lado americano o canadiense puedes hacerlo. Un espectáculo y experiencia impresionan...",5.0,Niagara Falls,4.5
"Es genial que en el corazón de una gran ciudad aún conserven esta área natural. Es hermoso y muy grande, yo aproveché para tirarme en el césped y descansar desp...",5.0,Central Park,4.5
